id,smiles
CHEMBL132363,CC1=CC(C)(C)Nc2ccc3c4cc(F)ccc4O\C(=C/c5ncccc5C)\c3c12
CHEMBL65021,COc1cccc2OC(c3ccccc3)c4cc(NS(=O)(=O)C)ccc4c12
CHEMBL395535,COc1ccccc1c2ccc3NC(C)(C)C=C(C(OCC=C)C(C)C)c3c2
CHEMBL3956011,Cc1ccc(NC(=O)c2ccc3[C@H]4[C@@H](O)C[C@]5(C)[C@@H](O)CC[C@H]5[C@@H]4CCc3c2)cn1
CHEMBL4099639,C[C@H](NC(=O)C(F)(F)F)[C@H](Oc1ccc2c(cnn2c3ccc(F)cc3)c1)c4cccc(O)c4
CHEMBL364015,C[C@]12Cc3cnn(c3C=C1CCC[C@@H]2[C@H](O)c4ccc(F)nc4)c5ccc(F)cc5
CHEMBL4094264,Clc1cccc(CN(c2ccc(Oc3ccccc3)cc2)S(=O)(=O)c4ccc(cc4)C#N)c1
CHEMBL1668086,CC(C)NC(=O)c1cccc(c1)n2ncc3c(NC[C@H](C)NS(=O)(=O)C4CC4)cc(C)cc23
CHEMBL103,CC(=O)[C@H]1CC[C@H]2[C@@H]3CCC4=CC(=O)CC[C@]4(C)[C@H]3CC[C@]12C
CHEMBL1200545,C[C@H]1C[C@H]2[C@@H]3C[C@H](F)C4=CC(=O)C=C[C@]4(C)[C@@]3(F)[C@@H](O)C[C@]2(C)[C@@]1(OC(=O)C)C(=O)COC(=O)C
CHEMBL365546,C[C@@H]1C[C@@H](C)OC2(CCC3=Cc4c(C[C@]23C)cnn4c5ccc(F)cc5)O1
CHEMBL298687,COc1cccc2O[C@@H]([C@H]3CCCC(=C3)C)c4c(ccc5NC(C)(C)C=C(C)c45)c12
CHEMBL193482,C[C@]12CC[C@H]3[C@@H](CCc4cc(O)ccc34)[C@@H]1C[C@@H](O)[C@@H]2O
CHEMBL347159,CCC[C@@H]1O[C@@H]2CC3C4C[C@H](F)C5=CC(=O)CC[C@]5(C)[C@@]4(F)[C@@H](O)C[C@]3(C)[C@@]2(O1)SC(CCO)C(=O)O
CHEMBL236406,COc1ccc(F)cc1C(C)(C)CC(O)(CCCc2ccccc2)C(F)(F)F
CHEMBL4061359,C[C@H](NC(=O)C(F)(F)F)[C@H](Oc1ccc2c(cnn2c3ccc(F)cc3)c1)c4ccc5OCCOc5c4
CHEMBL1255080,COc1ccc(F)cc1C(C)(C)C[C@@](O)(Cc2cc3ccncc3[nH]2)C(F)(F)F
CHEMBL366182,CC(C)(CC(O)(Cc1ccccn1)C(=O)Nc2ccc3C(=O)OCc3c2)c4ccccc4
CHEMBL1159650,CCC(=O)O[C@@]1([C@@H](C)C[C@H]2[C@@H]3CCC4=CC(=O)C=C[C@]4(C)[C@@]3(F)[C@@H](O)C[C@]12C)C(=O)CCl
CHEMBL1257342,CC(C)(CC(O)(CNc1cccc2ccccc12)C(F)(F)F)c3cc(F)ccc3O
CHEMBL1085958,Fc1ccc(cc1)n2ncc3cc(ccc23)c4ccc(NS(=O)(=O)c5cccc(OC(F)(F)F)c5)cc4C(F)(F)F
CHEMBL1950695,CCc1oc2ccc(cc2n1)[C@H]3C[C@@]4(C)[C@@H](CC[C@@]4(O)C#CC)[C@@H]5CCC6=CC(=O)CCC6=C35
CHEMBL396784,CN(C)c1ccc(cc1)[C@H]2C[C@@]3(C)[C@@H](CC[C@@]3(O)C#Cc4ccccc4C(F)(F)F)[C@@H]5OCC6=CC(=O)CCC6=C25
CHEMBL550082,CC(C)CNC(=S)NCCSCC(=O)[C@@]1(O)[C@H](C)C[C@H]2[C@@H]3CCC4=CC(=O)C=C[C@]4(C)[C@@]3(F)[C@@H](O)C[C@]12C
CHEMBL1682428,C[C@@H]1[C@@H](O)C(C)(C)Nc2c(C)cc(c(\C=C\C#N)c12)c3cccc4cc[nH]c34
CHEMBL263814,C[C@H](CCC(=O)O)[C@H]1CC[C@H]2[C@@H]3[C@H](O)C[C@@H]4C[C@H](CC[C@]4(C)[C@H]3C[C@H](O)[C@]12C)OCCNC(=O)CCc5ccc(CN(Cc6ccccc6)c7cccc(NS(=O)(=O)C)c7C)cc5
CHEMBL212329,COc1cccc2C(CC(O)(C(=O)Nc3ccc4C(=O)ON=C(C)c4c3)C(F)(F)F)CCCc12
CHEMBL4075236,O=S(=O)(N(Cc1ccccc1)c2ccc(Oc3ccccc3)cc2)c4ccccc4
CHEMBL1082837,CC(C)NS(=O)(=O)c1ccc(c2ccc3c(cnn3c4ccc(F)cc4)c2)c(c1)C(F)(F)F
CHEMBL1094208,OC(c1ccc2c(cnn2c3ccc(F)cc3)c1)(c4cccc(Cl)c4Cl)C(F)(F)F
CHEMBL1094209,OC(c1ccnc(Cl)c1)(c2ccc3c(cnn3c4ccc(F)cc4)c2)C(F)(F)F
CHEMBL3358954,CCS(=O)(=O)c1cc2cc(C[C@](O)(CC(C)(C)c3ccc(F)cc3C(=O)N)C(F)(F)F)[nH]c2cn1
CHEMBL1085381,CC(C)CNS(=O)(=O)c1ccc(c2ccc3c(cnn3c4ccc(F)cc4)c2)c(c1)C(F)(F)F
CHEMBL1085380,CCCNS(=O)(=O)c1ccc(c2ccc3c(cnn3c4ccc(F)cc4)c2)c(c1)C(F)(F)F
CHEMBL230901,CC#C[C@]1(O)CC[C@H]2[C@@H]3OCC4=CC(=O)CCC4=C3[C@H](C[C@]12C)c5ccc(cc5)N(C)C
CHEMBL1094206,OC(c1ccc2c(cnn2c3ccc(F)cc3)c1)(c4ccccc4F)C(F)(F)F
CHEMBL483096,C[C@@H]1C[C@H]2[C@@H]3CCC4=CC(=O)C=C[C@]4(C)[C@@]3(F)[C@@H](O)C[C@]2(C)[C@@]1(O)C(=O)N
CHEMBL442744,CCCCCC1Oc2cccc(OC)c2c3ccc(NS(=O)(=O)C)cc13
CHEMBL3261425,C[C@@H](CNc1cccc2c1cnn2c3ccc(F)nc3)NS(=O)(=O)c4c(C)nn(C5CCCC5)c4C
CHEMBL213453,CCCC1(CC(O)(C(=O)Nc2ccc3C(=O)ON=C(C)c3c2)C(F)(F)F)CCCc4ccccc14
CHEMBL3421883,CC[C@@]12C[C@@](C)(O)[C@](O)(CC=C)C[C@H]1CCc3cc(O)ccc23
CHEMBL232223,CN(C)c1ccc(cc1)[C@H]2C[C@@]3(C)[C@@H](CC[C@@]3(O)C#Cc4ccc(C)cc4)[C@@H]5OCC6=CC(=O)CCC6=C25
CHEMBL3126938,Cc1ccc(F)cc1C(C)(C)CC(O)(Cc2cc3nc(ncc3[nH]2)N4CCOCC4)C(F)(F)F
CHEMBL384467,C[C@@H]1C[C@H]2[C@@H]3CCC4=CC(=O)C=C[C@]4(C)[C@@]3(F)[C@@H](O)C[C@]2(C)[C@@]1(O)C(=O)CO
CHEMBL3126936,Cc1ccc(F)cc1C(C)(C)CC(O)(Cc2cc3nc(ncc3[nH]2)c4cccnc4)C(F)(F)F
CHEMBL3126937,Cc1ccc(F)cc1C(C)(C)CC(O)(Cc2cc3nc(ncc3[nH]2)N4CCCC4)C(F)(F)F
CHEMBL3907432,COCCC(=O)N[C@@H](C)[C@H](Oc1ccc2c(cnn2c3ccc(F)cc3)c1)c4ccccc4
CHEMBL3094484,CCC(Cc1cc(C)c(O)c(C)c1)NS(=O)(=O)c2c(C)cc(C)cc2C
CHEMBL3094485,CCC(Cc1ccc(O)c2ccccc12)NS(=O)(=O)c3c(C)cc(C)cc3C
CHEMBL197552,CC(C)(CC(O)(Cc1ccc2ccccc2c1)C(=O)Nc3ccc4C(=O)OCc4c3)c5ccccc5
CHEMBL3094487,CC[C@@H](Cc1ccc(O)cc1C)NS(=O)(=O)c2c(C)cc(C)cc2C
CHEMBL3094480,CCC(Cc1ccc2ccccc2c1)NS(=O)(=O)c3c(C)cc(C)cc3C
CHEMBL1762211,CO\N=C\1/C(O)C(C)(C)Nc2cc(F)c(c(F)c12)c3cccc4c(Cl)c[nH]c34
CHEMBL1762210,CCO\N=C\1/C(O)C(C)(C)Nc2cc(F)c(c(F)c12)c3cccc4c(C)c[nH]c34
CHEMBL2087291,OC(=O)Cc1cc(Br)c(N(Cc2ccc(Oc3ccc(Cl)cc3Cl)cc2)Cc4cc(F)cc(F)c4)c(Br)c1
CHEMBL3970276,C[C@H](NC(=O)C(C)(C)C)[C@H](Oc1ccc2c(cnn2c3ccc(F)cc3)c1)c4ccccc4
CHEMBL293452,COc1cccc2OC(c3cc(C)cc(C)c3)c4cc(NS(=O)(=O)C)ccc4c12
CHEMBL3264932,CCN1C(=NN(Cc2ccc(cc2)C(C)(C)C)C1=O)CCCc3ccc(cc3)c4ccc(NS(=O)(=O)c5ccccc5)cn4
CHEMBL3666820,C[C@H](NC(=O)C(C)(F)F)[C@H](Oc1ccc2c(cnn2c3cccc(c3)C(=O)N[C@@H]4CCOC4=O)c1)c5ccc6OCCOc6c5
CHEMBL194804,CC1=NOC(=O)c2ccc(NC(=O)C(O)(CC3CCCCC3)CC(C)(C)c4ccccc4)cc12
CHEMBL4069357,CC[C@@H]1C[C@@](O)([C@@H](Nc2cccc3nc(C)ccc23)c4ccc(F)c(O)c14)C(F)(F)F
CHEMBL194802,CC(C)(CC(O)(CC1CCCCC1)C(=O)Nc2ccc3C(=O)OCc3c2)c4cc(F)ccc4O
CHEMBL397239,CN(C)c1ccc(cc1)[C@H]2C[C@@]3(C)[C@@H](CC[C@@]3(O)C#Cc4cc(F)cc(F)c4)[C@@H]5OCC6=CC(=O)CCC6=C25
CHEMBL549364,COc1ccc(cc1)[C@H]2OC[C@@]3(C)[C@@H](CC[C@@]3(O)C#C)[C@@H]4CCC5=CC(=O)CCC5=C24
CHEMBL3126939,Cc1ccc(F)cc1C(C)(C)CC(O)(Cc2cc3nc(ncc3[nH]2)N4CCS(=O)(=O)CC4)C(F)(F)F
CHEMBL470152,C\C=C\[C@@]12CC[C@@](O)(C[C@H]1CCc3cc(O)ccc23)C#CC
CHEMBL183914,Cc1c(NS(=O)(=O)C)cccc1N(Cc2ccccc2)Cc3ccc(Oc4ccc(CCCC(=O)NCCC(=O)O)cc4)cc3
CHEMBL1940556,C[C@]12C[C@H](O)[C@H]3[C@@H](CCC4=CC(=O)C=C[C@]34C)[C@@H]1CC[C@]2(O)C(=O)CSc5nc(cs5)c6ccccc6
CHEMBL1940555,CCn1c(SCC(=O)[C@@]2(O)CC[C@H]3[C@@H]4CCC5=CC(=O)C=C[C@]5(C)[C@H]4[C@@H](O)C[C@]23C)nc6ccccc16
CHEMBL1940552,C[C@]12C[C@H](O)[C@H]3[C@@H](CCC4=CC(=O)C=C[C@]34C)[C@@H]1CC[C@]2(O)C(=O)CSc5ccccn5
CHEMBL244972,CN(C)c1ccc(cc1)[C@H]2C[C@@]3(C)[C@@H](CC[C@@]3(O)C#Cc4cccc(F)c4)[C@@H]5OCC6=CC(=O)CCC6=C25
CHEMBL1940550,C[C@]12C[C@H](O)[C@H]3[C@@H](CCC4=CC(=O)C=C[C@]34C)[C@@H]1CC[C@]2(O)C(=O)CSc5oc6ccccc6n5
CHEMBL1940551,C[C@]12C[C@H](O)[C@H]3[C@@H](CCC4=CC(=O)C=C[C@]34C)[C@@H]1CC[C@]2(O)C(=O)CSc5oc6cccnc6n5
CHEMBL416869,COc1cccc2OC(c3ccccc3)c4cc(NC(=O)C)ccc4c12
CHEMBL235536,COc1ccc(CC(O)(CC(C)(C)c2cc(F)ccc2OC)C(F)(F)F)cc1
CHEMBL525273,COC(=O)[C@H](C)NC(=O)O[C@@]1([C@@H](C)C[C@H]2[C@@H]3CCC4=CC(=O)C=C[C@]4(C)[C@@]3(F)[C@@H](O)C[C@]12C)C(=O)CO
CHEMBL64095,COc1cccc2OC(c3ccc(Oc4ccccc4)cc3)c5cc(NS(=O)(=O)C)ccc5c12
CHEMBL3261403,C[C@@H](COc1cccc2cnccc12)NS(=O)(=O)c3ccc(C)cc3C
CHEMBL233241,CC(Cc1c[nH]c2ccccc12)NS(=O)(=O)c3cc(Cl)ccc3Cl
CHEMBL1098849,Cc1ccc(cc1)C(O)(c2ccc3c(cnn3c4ccc(F)cc4)c2)C(F)(F)F
CHEMBL3261406,C[C@@H](COc1cccc2c1cnn2c3ccc(F)cc3)NS(=O)(=O)c4c(C)cc(C)cc4C
CHEMBL3261407,C[C@@H](CNc1cccc2c1cnn2c3ccc(F)cc3)NS(=O)(=O)c4c(C)cc(C)cc4C
CHEMBL3261404,C[C@@H](COc1cccc2cnccc12)NS(=O)(=O)c3c(C)nn(C4CCCC4)c3C
CHEMBL3261405,C[C@@H](COc1cccc2cnccc12)NS(=O)(=O)c3c(C)nn(c3C)c4ccccc4
CHEMBL395716,COCc1ccsc1\C=C\2/Oc3ccc(O)c(OC)c3c4ccc5NC(C)(C)C=C(C)c5c24
CHEMBL194077,C[C@]12Cc3cnn(c3C=C1CCC[C@@H]2[C@@H](O)c4cc(Cl)sc4Cl)c5ccc(F)cc5
CHEMBL66598,CCOc1cccc2OC(c3ccccc3)c4cc(NS(=O)(=O)C)ccc4c12
CHEMBL1682431,C[C@@H]1[C@@H](O)C(C)(C)Nc2c(C)c(Cl)c(cc12)c3cccc4cc[nH]c34
CHEMBL1682436,C[C@@H]1[C@@H](O)C(C)(C)Nc2c(F)cc(c(Cl)c12)c3cccc4cc[nH]c34
CHEMBL1682437,C[C@@H]1[C@@H](O)C(C)(C)Nc2c(F)c(F)c(cc12)c3cccc4cc[nH]c34
CHEMBL228878,CC\C=C\COC(C)C1=CC(C)(C)Nc2ccc(cc12)c3ccccc3OC
CHEMBL539699,C[C@@H]1C[C@H]2[C@@H]3CCC4=CC(=O)C=C[C@]4(C)[C@@]3(F)[C@@H](O)C[C@]2(C)[C@@]1(O)C(=O)CSCCNC(=S)NCCCN(C)CCCNC(=O)CCNC(=O)c5cc(NC(=O)c6nccn6C)cn5C
CHEMBL4059755,C[C@H](NC(=O)C(C)(F)F)[C@H](Oc1ccc2c(cnn2c3cccc(c3)C(=O)N[C@@H]4CCOC4=O)c1)c5ccccc5
CHEMBL2419300,CC1NC(=O)C(=C1c2cc(Cl)c3OCC(=O)Nc3c2)c4ccc(F)cc4
CHEMBL50118,COc1cccc2OC(CC=C(F)F)c3c(ccc4NC(C)(C)C=C(C)c34)c12
CHEMBL553019,C[C@@H]1C[C@H]2[C@@H]3CCC4=CC(=O)C=C[C@]4(C)[C@@]3(F)[C@@H](O)C[C@]2(C)[C@@]1(O)C(=O)CSCCNC(=S)NCCNC(=O)C
CHEMBL553018,C[C@H]1C[C@@H]2[C@H]3CCC4=CC(=O)C=C[C@@]4(C)[C@]3(F)[C@H](O)C[C@@]2(C)[C@]1(O)C(=O)CSCCNC(=S)NCCNC(=O)c5cc(NC(=O)c6cc(NC(=O)c7cc(NC(=O)c8cc(NC(=O)CCCNC(=O)c9cc(NC(=O)c%10cc(NC(=O)c%11nccn%11C)cn%10C)cn9C)cn8C)cn7C)cn6C)cn5C
CHEMBL3582112,Cc1onc(C)c1c2cc3c(NC(C)(C)C(=O)C3(C)C)c4CCCc24
CHEMBL3578284,C[C@@H](N1C(=O)O[C@@](Cc2ccccc2)(C1=O)c3nc4cc(ccc4[nH]3)c5conc5C)c6ccc(F)cc6
CHEMBL221545,COc1cc(cc(OC)c1OC)[C@H]2C[C@@]3(C)[C@@H](CC[C@@]3(O)C#CC)[C@@H]4CCC5=CC(=O)CCC5=C24
CHEMBL429627,COc1ccc(F)cc1C(C)(C)CC(O)(Cc2ccc(Cl)cc2)C(F)(F)F
CHEMBL386806,CC1=NOC(=O)c2ccc(NC(=O)C(O)(CC3CCCc4cccc(F)c34)C(F)(F)F)cc12
CHEMBL3666810,C[C@H](NC(=O)C(C)(F)F)[C@H](Oc1ccc2c(cnn2c3cccc(c3)C(=O)N[C@H]4CCOC4)c1)c5ccc6COCOc6c5
CHEMBL379158,CC1=NOC(=O)c2ccc(NC(=O)C(O)(CC3CCCc4c(cccc34)C#N)C(F)(F)F)cc12
CHEMBL457036,CC[C@@]12CC[C@@](O)(C[C@H]1CCc3cc(OCc4cccnc4C)ccc23)C#CC
CHEMBL3927299,CC(C)C#C[C@]1(O)CC[C@H]2[C@@H]3CCc4cc(ccc4[C@H]3[C@@H](O)C[C@]12C)C(=O)Nc5cccnc5C
CHEMBL228610,COc1ccccc1c2ccc3NC(C)(C)C=C(C(C)OCC=C)c3c2
CHEMBL228611,CCC(OCC=C)C1=CC(C)(C)Nc2ccc(cc12)c3ccccc3OC
CHEMBL62227,CC1=CC(C)(C)Nc2ccc3c(COc4c(F)cc(cc34)C#N)c12
CHEMBL1062,CC(=O)[C@@]1(O)CC[C@H]2[C@@H]3CCC4=CC(=O)CC[C@]4(C)[C@H]3CC[C@]12C
CHEMBL1917247,C[C@@H]1C[C@H]2[C@@H]3CCC4=CC(=O)C=C[C@]4(C)[C@@]3(Cl)[C@@H](O)C[C@]2(C)[C@@]1(O)C(=O)CSc5nc6ccccc6s5
CHEMBL1917244,C[C@]12C[C@H](O)[C@H]3[C@@H](CCC4=CC(=O)C=C[C@]34C)[C@@H]1CC[C@]2(O)C(=O)CSc5nc6ccccc6s5
CHEMBL1917245,C[C@@H]1C[C@H]2[C@@H]3CCC4=CC(=O)C=C[C@]4(C)[C@@]3(F)[C@@H](O)C[C@]2(C)[C@@]1(O)C(=O)CSc5nc6ccccc6s5
CHEMBL303071,COc1cccc2OC(C3CCCCC3)c4cc(NS(=O)(=O)C)ccc4c12
CHEMBL189843,CC1=NOC(=O)c2ccc(NC(=O)C(O)(CC3CCCCc4ccccc34)C(F)(F)F)cc12
CHEMBL560797,CCN(CC(O)(CNc1cc(C)cc2c1cnn2c3ccccc3)C(F)(F)F)C(=O)c4ccccc4F
CHEMBL1668068,C[C@@H](CNc1cc(C)cc2c1cnn2c3ccc(cc3)C#N)NS(=O)(=O)c4c(C)cc(C)cc4C
CHEMBL457242,CC[C@@]12[C@H](O)C[C@@](O)(C[C@H]1CCc3cc(O)ccc23)C#CC
CHEMBL3094467,CC[C@@H](Cc1ccc(O)c(C)c1)NS(=O)(=O)c2c(C)cc(C)cc2C
CHEMBL388462,CC(Cc1c[nH]c2ccccc12)NS(=O)(=O)c3ccc(C)cc3
CHEMBL1254264,COc1ccc(cc1C(C)(C)C[C@@](O)(Cc2cc3ccncc3[nH]2)C(F)(F)F)c4cncnc4
CHEMBL555872,CSc1ccc(cc1)[C@H]2OC[C@@]3(C)[C@@H](CC[C@@]3(O)C(F)(F)C(F)(F)F)[C@@H]4CCC5=CC(=O)CCC5=C24
CHEMBL237496,CC1(CC(O)(Cc2ccnc3ccccc23)C(F)(F)F)CCCc4ccccc14
CHEMBL194114,C[C@]12Cc3cnn(c3C=C1CC[C@@]24OC[C@@H](O4)c5ccccc5)c6ccc(F)cc6
CHEMBL3358942,CC(C)(CC(O)(Cc1cc2cc(ncc2[nH]1)S(=O)(=O)C)C(F)(F)F)c3ccccc3C(=O)N
CHEMBL2021945,C[C@]12Cc3cnn(c3C=C1CC[C@H]4[C@@H]5CC[C@](O)(C(=O)CSc6ccccn6)[C@@]5(C)C[C@H](O)[C@H]24)c7ccc(F)cc7
CHEMBL501745,C[C@H]1C[C@H]2[C@@H]3CCC4=CC(=O)C=C[C@]4(C)[C@@]3(F)[C@@H](O)C[C@]2(C)[C@@]1(OC(=O)NC(C)(C)CC(C)(C)C)C(=O)CO
CHEMBL396029,CC(Cc1c[nH]c2ccccc12)NS(=O)(=O)c3c(Cl)cc(Cl)cc3Cl
CHEMBL377844,CC1=NOC(=O)c2ccc(NC(=O)C(O)(CC3CCCc4cc(F)ccc34)C(F)(F)F)cc12
CHEMBL219684,CC#C[C@]1(O)CC[C@H]2[C@@H]3CCC4=CC(=O)CCC4=C3[C@H](C[C@]12C)c5ccc(cc5)N(C)CCO[C@H]6CC[C@@]7(C)[C@H](C[C@@H](O)[C@H]8[C@@H]9CC[C@H]([C@H](C)CCC(=O)O)[C@@]9(C)[C@@H](O)C[C@H]78)C6
CHEMBL1668091,C[C@@H](CNc1cc(C)cc2c1cnn2c3cccc(c3)C(=O)N4CCC[C@H]4C(=O)N)NS(=O)(=O)C5CC5
CHEMBL1668092,C[C@@H](CNc1cc(C)cc2c1cnn2c3cccc(c3)C(=O)N4CCCC(CO)C4)NS(=O)(=O)C5CC5
CHEMBL3233271,COc1ccc(F)cc1C(C)(C)CC(O)(Cc2cc3ccncc3[nH]2)C(C)C
CHEMBL1253986,CC(C)(CC(O)(Cc1cc2ccncc2[nH]1)C(F)(F)F)c3ccccc3
CHEMBL1253987,CC(C)(CC(O)(Cc1cc2ccncc2[nH]1)C(F)(F)F)c3cccc(F)c3
CHEMBL444286,C\C=C\[C@H]1OC2(CCC3=Cc4c(C[C@]23C)cnn4c5ccc(F)cc5)O[C@@H]1\C=C\C
CHEMBL233660,CC(Cc1c[nH]c2ccccc12)NS(=O)(=O)c3c(Cl)cccc3Cl
CHEMBL1254080,COc1ccc(cc1C(C)(C)CC(O)(Cc2cc3ccncc3[nH]2)C(F)(F)F)c4ccccc4
CHEMBL2087294,Cc1ccccc1Oc2ccc(CN(Cc3cc(F)cc(F)c3)c4c(Br)cc(CC(=O)O)cc4Br)cc2
CHEMBL195990,C[C@]12Cc3cnn(c3C=C1CCC24O[C@@H]([C@H](O4)c5ccccc5)c6ccccc6)c7ccc(F)cc7
CHEMBL48308,COc1cccc2OC(C3CCCCC\C=C/3)c4c(ccc5NC(C)(C)C=C(C)c45)c12
CHEMBL3233269,COc1ccc(F)cc1C(C)(C)CC(C)(O)Cc2cc3ccncc3[nH]2
CHEMBL1917416,Cc1ccnc(SCC(=O)[C@]2(CC[C@H]3[C@@H]4CCC5=CC(=O)C=C[C@]5(C)[C@H]4[C@@H](O)C[C@]23C)OC(=O)c6occc6)n1
CHEMBL1917415,C[C@]12C[C@H](O)[C@H]3[C@@H](CCC4=CC(=O)C=C[C@]34C)[C@@H]1CC[C@]2(OC(=O)c5occc5)C(=O)CSc6nccc7ccccc67
CHEMBL1917414,C[C@]12C[C@H](O)[C@H]3[C@@H](CCC4=CC(=O)C=C[C@]34C)[C@@H]1CC[C@]2(OC(=O)c5occc5)C(=O)CSc6nc7ccccc7s6
CHEMBL427554,CC(C)(CC(O)(CCc1ccccc1)C(=O)Nc2ccc3C(=O)OCc3c2)c4ccccc4
CHEMBL1950694,CC#C[C@]1(O)CC[C@H]2[C@@H]3CCC4=CC(=O)CCC4=C3[C@H](C[C@]12C)c5ccc6oc(C)nc6c5
CHEMBL394369,COc1c(O)ccc2O\C(=C/c3sccc3CO)\c4c(ccc5NC(C)(C)C=C(C)c45)c12
CHEMBL1950696,CC#C[C@@]1(CC[C@H]2[C@@H]3CCC4=CC(=O)CCC4=C3[C@H](C[C@]12C)c5ccc6oc(nc6c5)C(F)(F)F)NC=O
CHEMBL1950697,CC#C[C@]1(O)CC[C@H]2[C@@H]3CCC4=CC(=O)CCC4=C3[C@H](C[C@]12C)c5ccc6oc(nc6c5)C(F)(F)F
CHEMBL1950693,CC#C[C@]1(O)CC[C@H]2[C@@H]3CCC4=CC(=O)CCC4=C3[C@H](C[C@]12C)c5ccc6ocnc6c5
CHEMBL4098641,C[C@H](NC(=O)C(C)(F)F)[C@H](Oc1ccc2c(cnn2c3cccc(c3)C(=O)N4CCC[C@@H]4C(=O)N)c1)c5ccc6COCOc6c5
CHEMBL1950698,CC#C[C@@]1(CC[C@H]2[C@@H]3CCC4=CC(=O)CCC4=C3[C@H](C[C@]12C)c5ccc6ocnc6c5)NC=O
CHEMBL3358946,CC(C)(CC(O)(Cc1cc2cc(ncc2[nH]1)S(=O)(=O)C)C(F)(F)F)c3ccc(F)cc3C(=O)N
CHEMBL1257343,COc1ccc(F)cc1C(C)(C)CC(O)(CNc2cccc3ncccc23)C(F)(F)F
CHEMBL3093460,Cc1cc(C)c(c(C)c1)S(=O)(=O)NC(CSc2ccccc2)C(F)(F)F
CHEMBL3920760,CCc1ccc(cc1)[C@@H](Oc2ccc3c(cnn3c4ccc(F)cc4)c2)[C@H](C)NC(=O)C(C)(C)C
CHEMBL336353,CN(C)c1ccccc1\C=C\2/Oc3ccc(F)cc3c4ccc5NC(C)(C)C=C(C)c5c24
CHEMBL337856,CC1=CC(C)(C)Nc2ccc3c4cccc(F)c4O\C(=C/c5ccccc5C)\c3c12
CHEMBL2087290,OC(=O)Cc1cc(Br)c(N(Cc2ccc(Oc3ccccc3Cl)cc2)Cc4cc(F)cc(F)c4)c(Br)c1
CHEMBL196929,CC(C)(CC(O)(Cc1ccc(cc1)c2ccccc2)C(=O)Nc3ccc4C(=O)OCc4c3)c5ccccc5
CHEMBL4094154,C[C@H](NC(=O)C(C)(F)F)[C@H](Oc1ccc2c(cnn2c3ccc(F)cc3)c1)c4ccc5COCOc5c4
CHEMBL549896,CC#C[C@]1(O)CC[C@H]2[C@@H]3CCC4=CC(=O)CCC4=C3[C@H](OC[C@]12C)c5ccc(cc5)N(C)C
CHEMBL258191,CC1CC(C)(C)Nc2c(C)cc(c(Cl)c12)c3cccc4cc[nH]c34
CHEMBL1835832,CCN(CC)c1cc2OC(=O)C=Cc2cc1c3cccs3
CHEMBL391874,Cc1c(cnn1c2ccccc2)S(=O)(=O)NCC(O)(CC3(C)CCCc4ccccc34)C(F)(F)F
CHEMBL500938,CCCNC(=O)O[C@@]1([C@@H](C)C[C@H]2[C@@H]3CCC4=CC(=O)C=C[C@]4(C)[C@@]3(F)[C@@H](O)C[C@]12C)C(=O)CO
CHEMBL1257572,Cc1ccc2c(NCC(O)(CC(C)(C)c3cc(F)ccc3O)C(F)(F)F)cccc2n1
CHEMBL221426,COc1ccc([C@H]2C[C@@]3(C)[C@@H](CC[C@@]3(O)C#CC)[C@@H]4CCC5=CC(=O)CCC5=C24)c(C)c1
CHEMBL188085,CC1=NOC(=O)c2ccc(NC(=O)C(O)(CC3CCc4ccccc34)C(F)(F)F)cc12
CHEMBL2087298,OC(=O)Cc1cc(Br)c(N(Cc2ccc(Oc3ccccc3C(F)(F)F)cc2)Cc4cc(F)cc(F)c4)c(Br)c1
CHEMBL376264,CC#C[C@]1(O)CC[C@H]2[C@@H]3CCC4=CC(=O)CCC4=C3[C@H](C[C@]12C)c5ccc(OCC=C)c(Cl)c5
CHEMBL397191,CN(C)c1ccc(cc1)[C@H]2C[C@@]3(C)[C@@H](CC[C@@]3(O)C#Cc4ccsc4)[C@@H]5OCC6=CC(=O)CCC6=C25
CHEMBL264560,COc1cccc2OC(C3CCCCC=C3)c4c(ccc5NC(C)(C)C=C(C)c45)c12
CHEMBL203885,COc1ccccc1c2ccc3NC(C)(C)C=C(CSCC=C)c3c2
CHEMBL63241,[Na+].CC1(C)O[C@@H]2CC3C4C[C@H](F)C5=CC(=O)C=C[C@]5(C)[C@@]4(F)[C@@H](O)C[C@]3(C)[C@@]2(O1)C(=O)CSC(CCO)C(=O)[O-]
CHEMBL561276,CCN(CC(O)(CNc1cccc2c1cnn2c3ccc(F)cc3)C(F)(F)F)C(=O)c4ccccc4
CHEMBL3421882,CCC[C@]1(O)C[C@H]2CCc3cc(O)ccc3[C@]2(CC)C[C@@]1(C)O
CHEMBL3358949,CCS(=O)(=O)c1cc2cc(CC(O)(CC(C)(C)c3ccccc3C(=O)N)C(F)(F)F)[nH]c2cn1
CHEMBL267431,COC[C@@]1(CC[C@H]2[C@@H]3CCC4=CC(=O)CCC4=C3[C@H](C[C@]12C)c5ccc(\C=N\O)cc5)OC
CHEMBL184120,Cc1c(NS(=O)(=O)C)cccc1N(Cc2ccc(Oc3ccccc3)cc2)Cc4cccc(CCCC(=O)O)c4
CHEMBL4077898,C[C@H](NC(=O)C(C)(F)F)[C@@H](Oc1ccc2c(cnn2c3cccc(c3)C(=O)N[C@@H]4CCOC4)c1)c5ccc6OCCOc6c5
CHEMBL62761,CC1=CC(C)(C)Nc2ccc3c(COc4c(F)cc(Br)cc34)c12
CHEMBL563812,CCN(CC(O)(CNc1cccc2c1cnn2c3ccc(F)cc3)C(F)(F)F)C(=O)c4ccccc4Cl
CHEMBL65469,COc1cccc2OC(c3ccccc3)c4cc(NS(=O)(=O)c5ccccc5)ccc4c12
CHEMBL110691,CC(=O)O[C@@]1(CC[C@H]2[C@@H]3C=C(Cl)C4=CC(=O)CC[C@]4(C)[C@H]3CC[C@]12C)C(=O)C
CHEMBL2419306,CC1OC(=O)C(=C1c2ccc3OCC(=O)Nc3c2)c4ccc(F)cc4
CHEMBL104,Clc1ccccc1C(c2ccccc2)(c3ccccc3)n4ccnc4
CHEMBL196185,C\C=C\[C@H]1OC2(CCCC3=Cc4c(C[C@]23C)cnn4c5ccc(F)cc5)O[C@@H]1\C=C\C
CHEMBL3928010,Cc1ncccc1NC(=O)c2ccc3[C@H]4[C@@H](O)C[C@@]5(C)[C@@H](CC[C@@]5(O)C#Cc6ccccc6)[C@@H]4CCc3c2
CHEMBL3582121,CC1(C)Nc2c3CCCc3c(cc2C(C)(C)C1=O)c4cncc5nccn45
CHEMBL3093463,CC[C@@H](Cn1cc(C#N)c2ccccc12)NS(=O)(=O)c3c(N)cc(Cl)cc3Cl
CHEMBL3093462,CC[C@@H](Cn1cc(C)c2ccccc12)NS(=O)(=O)c3c(N)cc(Cl)cc3Cl
CHEMBL3093461,CC[C@@H](Cn1ccc2ccccc12)NS(=O)(=O)c3c(N)cc(Cl)cc3Cl
CHEMBL1086086,OCCNS(=O)(=O)c1ccc(c2ccc3c(cnn3c4ccc(F)cc4)c2)c(c1)C(F)(F)F
CHEMBL313062,COc1cc(cc(F)c1F)[C@H](O)[C@H]2CCCC3=Cc4c(C[C@]23C)cnn4c5ccc(F)cc5
CHEMBL564234,COc1ccc(cc1)[C@H]2OC[C@@]3(C)[C@@H](CC[C@]34OCCC4=C)[C@@H]5CCC6=CC(=O)CCC6=C25
CHEMBL3666814,C[C@H](NC(=O)C(C)(F)F)[C@H](Oc1ccc2c(cnn2c3cccc(c3)C(=O)NCc4cccnc4)c1)c5ccc6COCOc6c5
CHEMBL3578286,C[C@@H](N1C(=O)O[C@@](Cc2ccccc2)(C1=O)c3nc4cc(ccc4[nH]3)c5cccnc5)c6ccc(F)cc6
CHEMBL3578285,C[C@@H](N1C(=O)O[C@@](Cc2ccccc2)(C1=O)c3nc4cc(ccc4[nH]3)N5CCOCC5)c6ccc(F)cc6
CHEMBL111861,C[C@]12CC[C@@H](O)C=C1CC[C@H]3[C@@H]4CC[C@](O)(C(=O)CO)[C@@]4(C)CC(=O)[C@H]23
CHEMBL196067,CC(C)(CC(O)(C(=O)Nc1ccc2C(=O)OCc2c1)C(F)(F)F)c3ccccc3
CHEMBL561257,CN(C)c1ccc(cc1)[C@H]2OC[C@]3(C)[C@@H](O)CC[C@H]3[C@@H]4CCC5=CC(=O)CCC5=C24
CHEMBL65381,CCNc1ccc2c(c1)C(Oc3cccc(OC)c23)c4ccccc4
CHEMBL503848,C[C@H]1C[C@H]2[C@@H]3CCC4=CC(=O)C=C[C@]4(C)[C@@]3(F)[C@@H](O)C[C@]2(C)[C@@]1(OC(=O)NC5CCCCC5)C(=O)CO
CHEMBL233661,CC(Cc1c[nH]c2ccccc12)NS(=O)(=O)c3cc(F)c(Br)cc3F
CHEMBL196347,C[C@]12Cc3cnn(c3C=C1CCC[C@@H]2[C@@H](O)c4cccs4)c5ccc(F)cc5
CHEMBL1682425,C[C@@H]1[C@@H](O)C(C)(C)Nc2c(C)cc(c(\C=N\OC(C)(C)C)c12)c3cccc4cc[nH]c34
CHEMBL526106,CCC(C)NC(=O)O[C@@]1([C@@H](C)C[C@H]2[C@@H]3CCC4=CC(=O)C=C[C@]4(C)[C@@]3(F)[C@@H](O)C[C@]12C)C(=O)CO
CHEMBL2087296,COc1ccccc1Oc2ccc(CN(Cc3cc(F)cc(F)c3)c4c(Br)cc(CC(=O)O)cc4Br)cc2
CHEMBL2087297,COc1ccc(Oc2ccc(CN(Cc3cc(F)cc(F)c3)c4c(Br)cc(CC(=O)O)cc4Br)cc2)c(OC)c1
CHEMBL232833,CC(Cc1c[nH]c2ccccc12)NS(=O)(=O)c3ccccc3Cl
CHEMBL232832,CC(Cc1c[nH]c2ccccc12)NS(=O)(=O)c3cccc(Cl)c3
CHEMBL237843,COc1ccc(F)cc1C(C)(C)CC(O)(Cc2cccc3ccccc23)C(F)(F)F
CHEMBL134602,CC1=CC(C)(C)Nc2ccc3c4cc(F)ccc4O\C(=C/c5ccccc5)\c3c12
CHEMBL2023616,C[C@]12Cc3cnn(c3C=C1CC[C@H]4[C@@H]5CC[C@](O)(C(=O)CSc6cnc7ccccc7n6)[C@@]5(C)C[C@H](O)[C@H]24)c8ccc(F)cc8
CHEMBL242821,CN(C)c1ccc(cc1)[C@H]2C[C@@]3(C)[C@@H](CC[C@@]3(O)C#Cc4ccc(cc4)C(F)(F)F)[C@@H]5OCC6=CC(=O)CCC6=C25
CHEMBL2023614,C[C@]12Cc3cnn(c3C=C1CC[C@H]4[C@@H]5CC[C@](O)(C(=O)CSc6ccc7ccccc7n6)[C@@]5(C)C[C@H](O)[C@H]24)c8ccc(F)cc8
CHEMBL2023615,C[C@]12Cc3cnn(c3C=C1CC[C@H]4[C@@H]5CC[C@](O)(C(=O)COc6ccc7ccccc7n6)[C@@]5(C)C[C@H](O)[C@H]24)c8ccc(F)cc8
CHEMBL1390,C[C@H]1C[C@@H]2[C@H](CC[C@@]3(C)[C@H]2CC[C@]3(O)C(=O)C)[C@@]4(C)CCC(=O)C=C14
CHEMBL2087299,OC(=O)Cc1cc(Br)c(N(Cc2ccc(Oc3ccc(cc3C(F)(F)F)C(F)(F)F)cc2)Cc4cc(F)cc(F)c4)c(Br)c1
CHEMBL1094231,OC(c1ccc(F)c(Cl)c1)(c2ccc3c(cnn3c4ccc(F)cc4)c2)C(F)(F)F
CHEMBL401267,COc1ccc(cc1F)[C@H]2C[C@@]3(C)[C@@H](CC[C@]34N=C(C)OC4=C)[C@@H]5CCC6=CC(=O)CCC6=C25
CHEMBL263506,C[C@H](CCC(=O)O)[C@H]1CC[C@H]2[C@@H]3[C@H](O)C[C@@H]4C[C@H](CC[C@]4(C)[C@H]3C[C@H](O)[C@]12C)OCCNC(=O)CCCc5cccc(CN(Cc6ccc(Oc7ccccc7)cc6)c8cccc(NS(=O)(=O)C)c8C)c5
CHEMBL4078531,C[C@H](NC(=O)C(C)(F)F)[C@H](Oc1ccc2c(cnn2c3cccc(c3)C(=O)N4CCC[C@H]4C(=O)N)c1)c5ccccc5
CHEMBL236947,CC1(CC(O)(CNC(=O)c2cnn(c2N)c3ccccc3)C(F)(F)F)CCCc4ccccc14
CHEMBL4081430,Brc1ccc(CN(c2ccc(Oc3ccccc3)cc2)S(=O)(=O)c4ccc(cc4)C#N)cc1
CHEMBL2023242,Cn1c(OCC(=O)[C@@]2(O)CC[C@H]3[C@@H]4CCC5=Cc6c(C[C@]5(C)[C@H]4[C@@H](O)C[C@]23C)cnn6c7ccc(F)cc7)nc8ccccc18
CHEMBL1084360,CS(=O)(=O)Nc1ccc(c2ccc3c(cnn3c4ccc(F)cc4)c2)c(c1)C(F)(F)F
CHEMBL2024025,C[C@]12CCC(=O)C=C1CC[C@H]3[C@@H]4CC[C@](O)(C(=O)CSc5oc6cccnc6n5)[C@@]4(C)C[C@H](O)[C@H]23
CHEMBL46199,COc1cccc2OC(C3CCCC=C3)c4c(ccc5NC(C)(C)C=C(C)c45)c12
CHEMBL388017,COc1ccccc1c2ccc3NC(C)(C)C=C(C(C)OCCc4ccccc4Cl)c3c2
CHEMBL4066614,C[C@H](NC(=O)C(C)(F)F)[C@H](Oc1ccc2c(cnn2c3ccc(F)cc3)c1)c4ccc5OCOCc5c4
CHEMBL2024028,C[C@]12CCC(=O)C=C1CC[C@H]3[C@@H]4CC[C@](O)(C(=O)CSc5ccccn5)[C@@]4(C)C[C@H](O)[C@H]23
CHEMBL563739,C[C@@H]1C[C@H]2[C@@H]3CCC4=CC(=O)C=C[C@]4(C)[C@@]3(F)[C@@H](O)C[C@]2(C)[C@@]1(O)C(=O)CSCCNC(=S)NCCCN(C)CCCNC(=O)CCNC(=O)c5cc(NC(=O)c6cc(NC(=O)c7cc(NC(=O)c8cc(NC(=O)CCCNC(=O)c9cc(NC(=O)c%10cc(NC(=O)c%11nccn%11C)cn%10C)cn9C)cn8C)cn7C)cn6C)cn5C
CHEMBL1940691,C[C@@H]1C[C@H]2[C@@H]3CCC4=CC(=O)C=C[C@]4(C)[C@H]3[C@@H](O)C[C@]2(C)[C@@]1(O)C(=O)CSc5ccc6ccccc6n5
CHEMBL3263754,COc1nc(ccc1C(=O)O)C2=NN([C@H](C2)C3CCCC3)c4ccc(C#N)c(C)n4
CHEMBL243870,CC(Cc1c[nH]c2c(C)cccc12)NS(=O)(=O)c3c(C)cc(C)cc3C
CHEMBL302442,CCOC(=O)c1cccc(c1)C2Oc3cccc(OC)c3c4ccc(NS(=O)(=O)C)cc24
CHEMBL304258,CCC(=O)Nc1ccc2c(c1)C(Oc3cccc(OC)c23)c4ccccc4
CHEMBL3937406,CC#C[C@]1(O)CC[C@H]2[C@@H]3CCc4cc(ccc4[C@H]3[C@@H](O)C[C@]12C)C(=O)Nc5cccnc5C
CHEMBL3581693,CC\C(=C(\c1ccc(\C=C\C(=O)O)cc1)/c2ccc3[nH]ncc3c2)\c4ccc(F)cc4Cl
CHEMBL293409,CC1CC(C)(C)Nc2ccc3c(COc4ccc(cc34)[N+](=O)[O-])c12
CHEMBL211039,CC(CCC(=O)O)C1CC[C@@]2(C)C3=C(C(=O)C[C@]12C)[C@@]4(C)CCC(OC(=O)C)C(C)(C)[C@@H]4CC3=O
CHEMBL4093329,O=S(=O)(N(Cc1ccccc1)c2ccc(Oc3ccccc3)cc2)c4ccc(cc4)C#N
CHEMBL236748,COc1ccc(F)cc1C(C)(C)CC(O)(Cc2cccc(C)c2)C(F)(F)F
CHEMBL1911663,CC(C)(C[C@](O)(Cc1cc2ccc(cc2[nH]1)C#N)C(F)(F)F)c3cc(cc4CCOc34)S(=O)(=O)C
CHEMBL236747,COc1ccc(F)cc1C(C)(C)CC(O)(Cc2ccccc2C)C(F)(F)F
CHEMBL3967290,C[C@H](NC(=O)C1CC1)[C@H](Oc2ccc3c(cnn3c4ccc(F)cc4)c2)c5cccnc5
CHEMBL462100,CC[C@@]12CC[C@@](O)(C[C@H]1CCc3cc(O)ccc23)c4ccccc4
CHEMBL82546,C[C@]12Cc3cnn(c3C=C1CCC[C@@H]2[C@@H](O)Cc4ccc(F)cc4)c5ccc(F)cc5
CHEMBL416831,COc1cccc2OC(C\C=C\CO)c3c(ccc4NC(C)(C)C=C(C)c34)c12
CHEMBL3895181,CC#C[C@]1(O)CC[C@H]2[C@@H]3CCc4cc(ccc4[C@H]3[C@H](C[C@]12C)OCC=C)C(=O)Nc5cccnc5C
CHEMBL221491,COc1cc(F)c([C@H]2C[C@@]3(C)[C@@H](CC[C@@]3(O)C#CC)[C@@H]4CCC5=CC(=O)CCC5=C24)c(F)c1
CHEMBL2419296,CC1N(C2CC2)C(=O)C(=C1c3ccc4OCC(=O)Nc4c3)c5ccc(F)cc5
CHEMBL2419295,CCN1C(C)C(=C(C1=O)c2ccc(F)cc2)c3ccc4OCC(=O)Nc4c3
CHEMBL221492,COc1c(C)cc(cc1C)[C@H]2C[C@@]3(C)[C@@H](CC[C@@]3(O)C#CC)[C@@H]4CCC5=CC(=O)CCC5=C24
CHEMBL554774,C[C@H]1C[C@@H]2[C@H]3CCC4=CC(=O)C=C[C@@]4(C)[C@]3(F)[C@H](O)C[C@@]2(C)[C@]1(O)C(=O)NCCNC(=O)c5cc(NC(=O)c6nccn6C)cn5C
CHEMBL541245,COc1ccc(cc1)[C@H]2OC[C@@]3(C)[C@@H](CC[C@@]3(O)C#Cc4ccc(cc4)C(F)(F)F)[C@@H]5CCC6=CC(=O)CCC6=C25
CHEMBL1094207,OC(c1ccc2c(cnn2c3ccc(F)cc3)c1)(c4ccccc4Cl)C(F)(F)F
CHEMBL2419299,CC1NC(=O)C(=C1c2cc(F)c3OCC(=O)Nc3c2)c4ccc(F)cc4
CHEMBL2419298,CC1NC(=O)C(=C1c2ccc3OCC(=O)Nc3c2)c4ccc(F)cc4
CHEMBL342426,CC1=CC(C)(C)Nc2ccc3c4ccccc4O\C(=C/c5ccc(F)c(F)c5)\c3c12
CHEMBL1940689,C[C@@H]1C[C@H]2[C@@H]3CCC4=CC(=O)C=C[C@]4(C)[C@H]3[C@@H](O)C[C@]2(C)[C@@]1(O)C(=O)CSc5oc6ccccc6n5
CHEMBL363179,C[C@]12Cc3cnn(c3C=C1CCC[C@@H]2[C@@H](O)c4csc5ccccc45)c6ccc(F)cc6
CHEMBL389794,CC(Cc1c[nH]c2ccccc12)NS(=O)(=O)c3cccc(Cl)c3C
CHEMBL194745,CC(C)(CC(O)(C(=O)Nc1ccc2C(=O)OCc2c1)C(F)(F)F)c3cc(F)ccc3O
CHEMBL4086436,[O-][N+](=O)c1ccc(cc1)S(=O)(=O)N(Cc2ccccc2)c3ccc(Oc4ccccc4)cc3
CHEMBL311662,C[C@](O)([C@H]1CCCC2=Cc3c(C[C@]12C)cnn3c4ccc(F)cc4)c5ccc(F)cc5
CHEMBL3421874,CC[C@@]12C[C@](C)(O)[C@@](O)(C[C@H]1CCc3cc(O)ccc23)c4ccccc4
CHEMBL433964,CC#C[C@]1(O)CCC2C3CCC4CC(=O)CCC4=C3C(C[C@]12C)c5ccc(cc5)N(C)C
CHEMBL4105267,Fc1ccc(cc1)S(=O)(=O)N(Cc2ccccc2)c3ccc(Oc4ccccc4)cc3
CHEMBL365821,C[C@]12Cc3cnn(c3C=C1CC[C@]24OC[C@@H](O4)c5ccccc5)c6ccc(F)cc6
CHEMBL4064352,Cc1ncc2c(N[C@H]3c4ccc(F)c(O)c4C(C)(C)C[C@]3(O)C(F)(F)F)cc(F)cc2n1
CHEMBL3421877,CC[C@@]12C[C@@](C)(O)[C@@](O)(C[C@H]1CCc3cc(O)ccc23)c4cccnc4
CHEMBL1201010,CC(=O)OCC(=O)[C@@]1(O)CC[C@H]2[C@@H]3CCC4=CC(=O)CC[C@]4(C)[C@@]3(F)[C@@H](O)C[C@]12C
CHEMBL3899942,C[C@H](NC(=O)c1ccccc1)[C@H](Oc2ccc3c(cnn3c4ccc(F)cc4)c2)c5ccccc5
CHEMBL392309,COc1ccc(F)cc1C(C)(C)CC(O)(Cc2ccccc2Br)C(F)(F)F
CHEMBL235063,COc1ccc(F)cc1C(C)(C)CC(O)(Cc2ccc(cc2Cl)C#N)C(F)(F)F
CHEMBL361406,CC#C[C@]1(O)CC[C@H]2[C@@H]3CCC4=CC(=O)CCC4=C3[C@H](C[C@]12C)c5ccc(cc5)N(C)C[C@@H](O)CC(=O)O
CHEMBL1911543,COc1ccc(F)cc1C(C)(C)C[C@](O)(Cc2cc3ccccc3[nH]2)C(F)(F)F
CHEMBL135,C[C@]12CC[C@H]3[C@@H](CCc4cc(O)ccc34)[C@@H]1CC[C@@H]2O
CHEMBL1911547,COc1ccc(F)cc1C(C)(C)CC(O)(Cc2cc3cccc(C#N)c3[nH]2)C(F)(F)F
CHEMBL184308,Cc1c(NS(=O)(=O)C)cccc1N(Cc2ccc(CCCC(=O)O)cc2)Cc3ccc(Oc4ccccc4)cc3
CHEMBL228767,COC(C)C1=CC(C)(C)Nc2ccc(cc12)c3ccccc3OC
CHEMBL1911549,COc1ccc(F)cc1C(C)(C)CC(O)(Cc2cc3c(cccc3[nH]2)C(F)(F)F)C(F)(F)F
CHEMBL201304,COc1ccc(F)cc1C(C)(C)C[C@](O)(Cc2ccc(Cl)cc2)C(F)(F)F
CHEMBL556523,C[C@@H]1C[C@H]2[C@@H]3CCC4=CC(=O)C=C[C@]4(C)[C@@]3(F)[C@@H](O)C[C@]2(C)[C@@]1(O)C(=O)CSCCNC(=S)NCCCN(C)CCCNC(=O)CCNC(=O)c5cc(NC(=O)c6cc(NC(=O)c7cc(NC(=O)c8cc(NC(=O)CCCNC(=O)c9cc(NC(=O)c%10cc(NC(=O)c%11cc(NC(=O)c%12nccn%12C)cn%11C)cn%10C)cn9C)cn8C)cn7C)cn6C)cn5C
CHEMBL4098197,C[C@H](NC(=O)C(C)(F)F)[C@H](Oc1ccc2c(cnn2c3cccc(c3)C(=O)NC4CCS(=O)(=O)C4)c1)c5ccccc5
CHEMBL3605919,COc1cc(F)ccc1c2c(CN(C)Cc3ccccc3)[nH]c4c(NS(=O)(=O)C)cc(cc24)C(C)C
CHEMBL550933,CCN(CC(O)(CNc1cccc2c1cnn2c3ccc(F)cc3)C(F)(F)F)C(=O)c4ccccc4C
CHEMBL1586,C[C@H]1C[C@H]2[C@@H]3CCC4=CC(=O)C=C[C@]4(C)[C@@]3(Cl)[C@@H](O)C[C@]2(C)[C@@]1(O)C(=O)CO
CHEMBL196232,C[C@]12Cc3cnn(c3C=C1CC[C@]24OC[C@H](O4)c5ccccc5)c6ccc(F)cc6
CHEMBL196237,CC(C)(C)c1ccc(CC(O)(CC(C)(C)c2ccccc2)C(=O)Nc3ccc4C(=O)OCc4c3)cc1
CHEMBL400609,COc1ccc(F)cc1C(C)(C)CC(O)(Cc2ccc(cc2F)C#N)C(F)(F)F
CHEMBL3261176,C[C@@H](COc1cccc2ncccc12)NS(=O)(=O)c3ccc(C)cc3C
CHEMBL396983,COc1ccc(cc1)C#C[C@]2(O)CC[C@H]3[C@@H]4OCC5=CC(=O)CCC5=C4[C@H](C[C@]23C)c6ccc(cc6)N(C)C
CHEMBL557958,C[C@H]1C[C@@H]2[C@H]3CCC4=CC(=O)C=C[C@@]4(C)[C@]3(F)[C@H](O)C[C@@]2(C)[C@]1(O)C(=O)NCCNC(=O)c5cc(NC(=O)c6cc(NC(=O)c7nccn7C)cn6C)cn5C
CHEMBL3261173,C[C@@H](CNc1ccc2cnccc2c1)NS(=O)(=O)c3c(C)cc(C)cc3C
CHEMBL457241,CC[C@@]12C[C@H](O)[C@@](O)(C[C@H]1CCc3cc(O)ccc23)C#CC
CHEMBL134277,CC1=CC(C)(C)Nc2ccc3c4cc(F)ccc4O\C(=C/c5ccsc5)\c3c12
CHEMBL3233274,COc1ccc(F)cc1C(C)(C)CC(O)(Cc2cc3ccncc3[nH]2)C4CC4
CHEMBL205978,COc1ccccc1c2ccc3NC(C)(C)C=C(CSC4CCCC4)c3c2
CHEMBL220955,COc1ccc(cc1)c2ccc(cc2)[C@H]3C[C@@]4(C)[C@@H](CC[C@@]4(O)C#CC)[C@@H]5CCC6=CC(=O)CCC6=C35
CHEMBL232452,CC(Cc1c[nH]c2ccccc12)NS(=O)(=O)c3c(C)cc(C)cc3C
CHEMBL372102,CC1=NOC(=O)c2ccc(NC(=O)C(O)(Cc3ccccc3)CC(C)(C)c4cc(F)ccc4O)cc12
CHEMBL243455,COc1c(O)ccc2O\C(=C/c3sccc3C(=O)N4CCCCC4)\c5c(ccc6NC(C)(C)C=C(C)c56)c12
CHEMBL1762202,Cc1c[nH]c2c(cccc12)c3c(F)cc4NC(C)(C)C\C(=N/OC(C)(C)C)\c4c3F
CHEMBL3358938,CC(C)(CC(O)(Cc1cc2cc(ncc2[nH]1)N3CCOCC3)C(F)(F)F)c4ccccc4S(=O)(=O)N
CHEMBL1094514,Cc1cc(ccc1F)C(O)(c2ccc3c(cnn3c4ccc(F)cc4)c2)C(F)(F)F
CHEMBL65743,CC1=CC(C)(C)Nc2ccc3c(COc4c(F)cc(Cl)cc34)c12
CHEMBL3967119,CC#C[C@]1(O)CC[C@H]2[C@@H]3CCc4cc(ccc4[C@H]3[C@@H](O)C[C@]12C)C(=O)Nc5cccnc5
CHEMBL434183,C[C@H]1C[C@H](C)OC2(CCC3=Cc4c(C[C@]23C)cnn4c5ccc(F)cc5)O1
CHEMBL203350,COc1ccccc1c2ccc3NC(C)(C)C=C(CSCCC(C)C)c3c2
CHEMBL470785,CC#C[C@@]1(O)CC[C@]2(CC=C)[C@H](CCc3cc(O)ccc23)C1
CHEMBL233659,CC(Cc1c[nH]c2ccccc12)NS(=O)(=O)c3ccc(Cl)cc3Cl
CHEMBL3086027,Cc1cn(c(C)n1)c2ccc(CNS(=O)(=O)c3cc(F)ccc3F)cc2
CHEMBL3970640,CCC(C)S(=O)(=O)N[C@@H](C)[C@H](Oc1ccc2c(cnn2c3ccc(F)cc3)c1)c4ccccc4
CHEMBL1254651,COc1ccc(F)cc1C(C)(C)CC(O)(Cc2cc3ccccc3[nH]2)C(F)(F)F
CHEMBL263091,COc1ccc(F)cc1C(C)(C)CC(O)(C(=O)Nc2ccc3C(=O)ON=C(C)c3c2)C(F)(F)F
CHEMBL411,CC\C(=C(\CC)/c1ccc(O)cc1)\c2ccc(O)cc2
CHEMBL3977631,C[C@H](NS(=O)(=O)C1CC1)[C@H](Oc2ccc3c(cnn3c4ccc(F)cc4)c2)c5ccc(cc5)S(=O)(=O)C
CHEMBL3358937,CC(C)(CC(O)(Cc1cc2cc(ncc2[nH]1)N3CCOCC3)C(F)(F)F)c4ccccc4S(=O)(=O)C
CHEMBL46029,COc1cccc2OC(C(C)C=C)c3c(ccc4NC(C)(C)C=C(C)c34)c12
CHEMBL372684,C[C@]12Cc3cnn(c3C=C1CCC[C@@H]2[C@H](O)c4csc5ccccc45)c6ccc(F)cc6
CHEMBL197312,CC[C@H]1OC2(CCCC3=Cc4c(C[C@]23C)cnn4c5ccc(F)cc5)O[C@@H]1CC
CHEMBL211331,CC1=NOC(=O)c2ccc(NC(=O)C(O)(CC3CCCc4ccc(F)cc34)C(F)(F)F)cc12
CHEMBL392568,COc1ccc(F)cc1C(C)(C)CC(O)(Cc2ccc(Cl)cc2Cl)C(F)(F)F
CHEMBL3094482,CCC(Cc1ccc(O)c(C)c1C)NS(=O)(=O)c2c(C)cc(C)cc2C
CHEMBL1083487,CN(c1ccccc1)S(=O)(=O)c2ccc(c3ccc4c(cnn4c5ccc(F)cc5)c3)c(c2)C(F)(F)F
CHEMBL3094483,CCC(Cc1cc(C)c(OC)c(C)c1)NS(=O)(=O)c2c(C)cc(C)cc2C
CHEMBL390434,CC(Cc1c[nH]c2ccccc12)NS(=O)(=O)c3c(C)cccc3Cl
CHEMBL303094,CS(=O)(=O)Nc1ccc2c(c1)C(Oc3cccc(c4cccs4)c23)c5ccccc5
CHEMBL559546,CCN(CC(O)(CNc1cccc2c1cnn2c3ccccc3)C(F)(F)F)S(=O)(=O)c4ccc(F)cc4
CHEMBL3907029,CC#C[C@]1(O)CC[C@H]2[C@@H]3CCc4cc(ccc4[C@H]3[C@H](C[C@]12C)OCc5cccc(Cl)c5)C(=O)Nc6cccnc6C
CHEMBL4072079,CC(=C)C[C@@](O)([C@@H](Nc1cccc2C(=O)NC=Cc12)c3cc(Br)ccc3O)C(F)(F)F
CHEMBL242872,COc1ccccc1c2ccc3NC(C)(C)C=C(C(C)OCCc4cccc(Cl)c4)c3c2
CHEMBL1911662,CC(C)(CC(O)(Cc1cc2ccc(cc2[nH]1)C#N)C(F)(F)F)c3cc(cc4CCOc34)S(=O)(=O)C
CHEMBL558716,CCCN(CC(O)(CNc1cccc2c1cnn2c3ccccc3)C(F)(F)F)C(=O)c4ccccc4
CHEMBL1911661,CC(C)(CC(O)(Cc1cc2cc(ccc2[nH]1)C#N)C(F)(F)F)c3cc(cc4CCOc34)S(=O)(=O)C
CHEMBL158091,CC1(C)O[C@@H]2CC3C4C[C@H](F)C5=CC(=O)C=C[C@]5(C)[C@@]4(F)[C@@H](O)C[C@]3(C)[C@@]2(O1)S[C@@H]6CCOC6=O
CHEMBL1512,CC1(C)O[C@@H]2C[C@H]3[C@@H]4C[C@H](F)C5=CC(=O)C=C[C@]5(C)[C@H]4[C@@H](O)C[C@]3(C)[C@@]2(O1)C(=O)CO
CHEMBL395795,C[C@@H](Cc1c[nH]c2ccccc12)NS(=O)(=O)c3c(C)cc(C)cc3C
CHEMBL65498,COc1cccc2OC(c3ccsc3)c4cc(NS(=O)(=O)C)ccc4c12
CHEMBL389621,C[C@]12CCC(=O)C=C1CC[C@H]3[C@@H]4CC[C@](O)(C(=O)CO)[C@@]4(C)C[C@H](O)[C@H]23
CHEMBL3126942,CC(C)(CC(O)(Cc1cc2ncncc2[nH]1)C(F)(F)F)c3ccc(F)cc3O
CHEMBL4086388,C[C@H](NC(=O)C(C)(F)F)[C@H](Oc1ccc2c(cnn2c3ccc(F)cc3)c1)c4ccc5CCOc5c4
CHEMBL1084632,CCCS(=O)(=O)Nc1ccc(c2ccc3c(cnn3c4ccc(F)cc4)c2)c(c1)C(F)(F)F
CHEMBL380646,CC1(C)Nc2ccc(cc2C(=C1)CSCCc3ccccc3)c4cccc(O)c4Cl
CHEMBL3945990,Cc1cc(C)c(c(C)c1)S(=O)(=O)N[C@H]2CCN(C2)c3cccc4c3cnn4c5ccc(F)cc5
CHEMBL541908,Br.COc1ccc(F)cc1c2ccc3NC(C)(C)C=C(C(C)OCC=C)c3c2
CHEMBL3094473,CCC(Cc1cccc(C)c1C)NS(=O)(=O)c2c(C)cc(C)cc2C
CHEMBL231806,CC(Cc1c[nH]c2ccccc12)NS(=O)(=O)c3ccc(Cl)cc3
CHEMBL377176,CC1=NOC(=O)c2ccc(NC(=O)C(O)(CC3CCCc4c3cccc4[N+](=O)[O-])C(F)(F)F)cc12
CHEMBL393920,CCC1(CC(O)(CNc2cccc3ncccc23)C(F)(F)F)CCCc4ccccc14
CHEMBL1762200,CCO\N=C\1/CC(C)(C)Nc2cc(F)c(c(F)c12)c3cccc4cc[nH]c34
CHEMBL392500,COc1ccc(F)cc1C(C)(C)CC(O)(Cc2ccc(C#N)c3ccccc23)C(F)(F)F
CHEMBL392501,COc1ccc(F)cc1C(C)(C)CC(O)(Cc2cc(C)cc(C)c2C#N)C(F)(F)F
CHEMBL1762204,CC(C)O\N=C\1/CC(C)(C)Nc2cc(F)c(c(F)c12)c3cccc4c(C)c[nH]c34
CHEMBL1762205,Cc1c[nH]c2c(cccc12)c3c(F)cc4NC(C)(C)C\C(=N/Oc5ccccc5)\c4c3F
CHEMBL1762206,Cc1c[nH]c2c(cccc12)c3c(F)cc4NC(C)(C)C\C(=N/OCc5ccccc5)\c4c3F
CHEMBL134260,CC1CC(C)(C)Nc2ccc(cc12)c3sc(cc3C)C#N
CHEMBL564160,CCN(CC(O)(CNc1cc(C)cc2c1cnn2c3ccc(F)cc3)C(F)(F)F)C(=O)c4ccccc4F
CHEMBL243469,COc1c(O)ccc2O\C(=C/c3sccc3COCCO)\c4c(ccc5NC(C)(C)C=C(C)c45)c12
CHEMBL3963321,C[C@@H](COc1ccc2c(cnn2c3ccc(F)cc3)c1)NS(=O)(=O)c4c(C)cc(C)cc4C
CHEMBL3138340,C[C@@H](CCC(=O)O)[C@@H]1CC[C@H]2[C@@H]3[C@@H](O)C[C@H]4C[C@@H](CC[C@@]4(C)[C@H]3C[C@@H](O)[C@@]12C)OCCNC(=O)CCc5ccc(Oc6ccc(CN(Cc7ccc(F)cc7F)c8cccc(NS(=O)(=O)C)c8C)cc6)cc5
CHEMBL3261423,Cc1cc(C)c(c(C)c1)S(=O)(=O)NC(COc2cccc3c2cnn3c4ccc(F)cc4)C(F)(F)F
CHEMBL3126951,Cc1ccc(F)cc1C(C)(C)CC(O)(Cc2cc3cnncc3[nH]2)C(F)(F)F
CHEMBL426386,CC#C[C@]1(O)CC[C@H]2[C@@H]3CCC4=CC(=O)CCC4=C3[C@H](C[C@]12C)c5ccc(O)c(C)c5
CHEMBL193986,C[C@H]1CCO[C@]2(CCC3=Cc4c(C[C@]23C)cnn4c5ccc(F)cc5)O1
CHEMBL3138348,C[C@@H](CCC(=O)O)[C@@H]1CC[C@H]2[C@@H]3[C@@H](O)C[C@H]4C[C@@H](CC[C@@]4(C)[C@H]3C[C@@H](O)[C@@]12C)OCCNC(=O)CCCc5ccc(CN(Cc6ccc(Oc7ccccc7)cc6)c8cccc(NS(=O)(=O)C)c8C)cc5
CHEMBL3126952,Cc1ccc(F)cc1C(C)(C)CC(O)(Cc2cc3cc(nnc3[nH]2)c4ccccc4)C(F)(F)F
CHEMBL526566,C[C@H]1C[C@H]2[C@@H]3CCC4=CC(=O)C=C[C@]4(C)[C@@]3(F)[C@@H](O)C[C@]2(C)[C@@]1(OC(=O)NCC(C)(C)C)C(=O)CO
CHEMBL1254994,COc1ccc(F)cc1C(C)(C)CC(O)(Cn2ccc3ncccc23)C(F)(F)F
CHEMBL237973,CCC1(CC(O)(CNC(=O)c2cnn(c2N)c3ccc(F)cc3)C(F)(F)F)CCCc4ccccc14
CHEMBL1835807,CCN(CC)c1cc2OC(=O)C=Cc2cc1c3ccccc3
CHEMBL3126954,COc1ccc(F)cc1C(C)(C)CC(O)(Cc2cc3cncnc3[nH]2)C(F)(F)F
CHEMBL381387,COc1ccccc1c2ccc3NC(C)(C)C=C(CSC4CCCCC4)c3c2
CHEMBL2022660,C[C@]12Cc3cnn(c3C=C1CC[C@H]4[C@@H]5CC[C@](O)(C(=O)CSc6ccc7ccccc7n6)[C@@]5(C)C[C@H](O)[C@H]24)c8ccccc8
CHEMBL1395,C[C@]1(O)CC[C@H]2[C@@H]3CCC4=CC(=O)CC[C@]4(C)[C@H]3CC[C@]12C
CHEMBL3126955,Cc1ccc(F)cc1C(C)(C)CC(O)(Cc2cc3nccnc3[nH]2)C(F)(F)F
CHEMBL540936,C[C@H]1C[C@@H]2[C@H]3CCC4=CC(=O)C=C[C@@]4(C)[C@]3(F)[C@H](O)C[C@@]2(C)[C@]1(O)C(=O)CSCCNC(=S)NCCNC(=O)c5cc(NC(=O)c6cc(NC(=O)c7nccn7C)cn6C)cn5C
CHEMBL3126935,Cc1ccc(F)cc1C(C)(C)CC(O)(Cc2cc3nc(ncc3[nH]2)c4ccccc4)C(F)(F)F
CHEMBL3576885,C[C@@H](N1C(=O)O[C@@](Cc2ccccc2)(C1=O)c3nc4cc(ccc4[nH]3)c5cc[nH]n5)c6ccc(F)cc6
CHEMBL231413,CN(C)c1ccc(cc1)[C@H]2C[C@@]3(C)[C@@H](CC[C@@]3(O)C#CC(F)(F)F)[C@@H]4OCC5=CC(=O)CCC5=C24
CHEMBL65929,CC1=CC(C)(C)Nc2ccc3c4cc(F)ccc4OC(=C5SCCCS5)c3c12
CHEMBL4083216,C[C@H](NC(=O)C(F)(F)F)[C@H](Oc1ccc2c(cnn2c3ccc(F)cc3)c1)c4cccc(OS(=O)(=O)O)c4
CHEMBL206375,CC1(C)Nc2ccc(cc2C(=C1)CSCC=C)c3cccc(O)c3Cl
CHEMBL395706,CN(C)c1ccc(cc1)[C@H]2C[C@@]3(C)[C@@H](CC[C@@]3(O)C#Cc4cccc(C)c4)[C@@H]5OCC6=CC(=O)CCC6=C25
CHEMBL222515,CC#C[C@]1(O)CC[C@H]2[C@@H]3CCC4=CC(=O)CCC4=C3[C@H](C[C@]12C)c5ccc(Oc6ccccc6)cc5
CHEMBL379024,COc1ccc(F)cc1c2ccc3NC(C)(C)C=C(CSCCc4ccccc4)c3c2
CHEMBL302166,COc1cccc2OC(c3ccccn3)c4cc(NS(=O)(=O)C)ccc4c12
CHEMBL1096467,OC(c1ccc(F)c(c1)C#N)(c2ccc3c(cnn3c4ccc(F)cc4)c2)C(F)(F)F
CHEMBL1083784,CC(C)(C)c1ccc(cc1)S(=O)(=O)Nc2ccc(c3ccc4c(cnn4c5ccc(F)cc5)c3)c(c2)C(F)(F)F
CHEMBL206278,COc1ccc(F)cc1c2ccc3NC(C)(C)C=C(CSCC=C)c3c2
CHEMBL3093459,Cc1cc(C)c(c(C)c1)S(=O)(=O)NC(COc2ccccc2)C(F)(F)F
CHEMBL232249,CC(Cc1c[nH]c2ccccc12)NS(=O)(=O)c3ccc(Cl)c(Cl)c3Cl
CHEMBL3358952,CC(C)(CC(O)(Cc1cc2cc(ncc2[nH]1)S(=O)(=O)C)C(F)(F)F)c3cccc4CCS(=O)(=O)c34
CHEMBL380790,C[C@@H]1CCO[C@@]2(CCC3=Cc4c(C[C@]23C)cnn4c5ccc(F)cc5)O1
CHEMBL3421873,CC[C@@]12C[C@](O)(C=C)[C@@](O)(C[C@H]1CCc3cc(O)ccc23)c4ccccc4
CHEMBL390644,CN(C)c1ccc(cc1)[C@H]2C[C@@]3(C)[C@@H](CC[C@@]3(O)C#Cc4ccccc4)[C@@H]5OCC6=CC(=O)CCC6=C25
CHEMBL3421875,CC[C@@]12C[C@@](C)(O)[C@@](O)(C[C@H]1CCc3cc(O)ccc23)c4ccc(C)cc4
CHEMBL416278,CC\C=C/CC1Oc2cccc(OC)c2c3ccc4NC(C)(C)C=C(C)c4c13
CHEMBL237807,COc1ccc(F)cc1C(C)(C)CC(O)(Cc2cccc(Cl)c2Cl)C(F)(F)F
CHEMBL1479,C[C@]12Cc3cnoc3C=C1CC[C@@H]4[C@@H]2CC[C@@]5(C)[C@H]4CC[C@@]5(O)C#C
CHEMBL195972,C[C@]12Cc3cnn(c3C=C1CCC[C@@H]2[C@@H](O)c4cc5ccccc5s4)c6ccc(F)cc6
CHEMBL3904106,CC#C[C@]1(O)CC[C@H]2[C@@H]3CCc4cc(ccc4[C@H]3[C@H](C[C@]12C)OCc5ccccc5Cl)C(=O)Nc6cccnc6C
CHEMBL3094478,CCC(Cc1cc(Cl)cc(Cl)c1)NS(=O)(=O)c2c(C)cc(C)cc2C
CHEMBL635,C[C@]12CC(=O)[C@H]3[C@@H](CCC4=CC(=O)C=C[C@]34C)[C@@H]1CC[C@]2(O)C(=O)CO
CHEMBL1908373,CN(C)c1ccc(cc1)[C@H]2C[C@]3(C)[C@@H](CC[C@]3(O)CCCO)[C@@H]4CCC5=CC(=O)CCC5=C24
CHEMBL418684,CC1=CC(C)(C)Nc2ccc3c(COc4c(F)cc(F)cc34)c12
CHEMBL197161,CC(C)(CC(O)(Cc1ccccc1)C(=O)Nc2ccc3C(=O)OCc3c2)c4ccccc4
CHEMBL1940554,C[C@]12C[C@H](O)[C@H]3[C@@H](CCC4=CC(=O)C=C[C@]34C)[C@@H]1CC[C@]2(O)C(=O)CSc5nc6ncccc6[nH]5
CHEMBL632,C[C@H]1C[C@H]2[C@@H]3CCC4=CC(=O)C=C[C@]4(C)[C@@]3(F)[C@@H](O)C[C@]2(C)[C@@]1(O)C(=O)CO
CHEMBL237377,COc1ccc(F)cc1C(C)(C)CC(O)(Cc2cc(Cl)ccc2Cl)C(F)(F)F
CHEMBL266282,COc1cccc2OC(CC=C)c3c(ccc4NC(C)(C)C=C(C)c34)c12
CHEMBL235591,CC1(CC(O)(CN2C=CC(=O)c3ccccc23)C(F)(F)F)CCCc4ccccc14
CHEMBL1911650,COc1ccc(F)cc1C(C)(C)C[C@@](O)(Cc2cc3cc(ccc3[nH]2)C#N)C(F)(F)F
CHEMBL250425,CCC1=N[C@]2(CC[C@H]3[C@@H]4CCC5=CC(=O)CCC5=C4[C@H](C[C@]23C)c6ccc(cc6)N(C)C)C(=C)O1
CHEMBL223675,CC#C[C@]1(O)CC[C@H]2[C@@H]3CCC4=CC(=O)CCC4=C3[C@H](C[C@]12C)c5cc(C)c(OCC=C)c(Cl)c5
CHEMBL563289,C[C@@H]1C[C@H]2[C@@H]3CCC4=CC(=O)C=C[C@]4(C)[C@@]3(F)[C@@H](O)C[C@]2(C)[C@@]1(O)C(=O)CSCCNC(=S)NCCCN(C)CCCNC(=O)CCNC(=O)c5cc(NC(=O)c6cc(NC(=O)c7cc(NC(=O)c8nccn8C)cn7C)cn6C)cn5C
CHEMBL4092066,CC1(C)C[C@@](O)([C@@H](Nc2cccc3NC(=O)C=Cc23)c4ccc(F)c(O)c14)C(F)(F)F
CHEMBL3094476,CCC(Cc1cc(C)cc(C)c1)NS(=O)(=O)c2c(C)cc(C)cc2C
CHEMBL3233270,CCC(O)(Cc1cc2ccncc2[nH]1)CC(C)(C)c3cc(F)ccc3OC
CHEMBL194012,C[C@H]1OC2(CCC3=Cc4c(C[C@]23C)cnn4c5ccc(F)cc5)O[C@@H]1C
CHEMBL194013,C[C@]12Cc3cnn(c3C=C1CC[C@]24OC[C@H](O4)C=C)c5ccc(F)cc5
CHEMBL3233272,COc1ccc(F)cc1C(C)(C)CC(O)(Cc2cc3ccncc3[nH]2)C(C)(C)C
CHEMBL3233273,CCC(C)(C)C(O)(Cc1cc2ccncc2[nH]1)CC(C)(C)c3cc(F)ccc3OC
CHEMBL457977,Fc1ccc(cc1)c2c3cccc(c3nn2Cc4ccccc4F)C(F)(F)F
CHEMBL184508,CC(N(Cc1ccccc1)c2cccc(NS(=O)(=O)C)c2C)c3ccccc3
CHEMBL3233276,COc1ccc(F)cc1C(C)(C)CC(O)(Cc2cc3ccncc3[nH]2)C4CCCC4
CHEMBL397919,COc1c(O)ccc2O\C(=C/c3sccc3\C(=N\O)\C)\c4c(ccc5NC(C)(C)C=C(C)c45)c12
CHEMBL3233278,COc1ccc(F)cc1C(C)(C)CC(O)(Cc2cc3cnccc3[nH]2)C4CC4
CHEMBL3233279,Cc1ccc(F)cc1C(C)(C)CC(O)(Cc2cc3cnccc3[nH]2)C(C)(C)C
CHEMBL1095097,COC(=O)[C@@H]1CC2=CC(=O)CC[C@]2(C)[C@@]34O[C@@H]3C[C@@]5(C)[C@@H](CC[C@@]56CCC(=O)O6)[C@H]14
CHEMBL3233277,COc1ccc(F)cc1C(C)(C)CC(O)(Cc2cc3cnccc3[nH]2)C(C)(C)C
CHEMBL3261422,CC(CS(=O)(=O)c1cccc2c1cnn2c3ccc(F)cc3)NS(=O)(=O)c4c(C)cc(C)cc4C
CHEMBL1096126,Cc1ccccc1C(O)(c2ccc3c(cnn3c4ccc(F)cc4)c2)C(F)(F)F
CHEMBL3094486,CC[C@@H](Cc1ccc(O)cc1)NS(=O)(=O)c2c(C)cc(C)cc2C
CHEMBL1253818,COc1ccc(F)cc1C(C)(C)C[C@](O)(Cc2cc3ccncc3[nH]2)C(F)(F)F
CHEMBL3964502,C[C@H](NC(=O)CO)[C@H](Oc1ccc2c(cnn2c3ccc(F)cc3)c1)c4ccc(cc4)S(=O)(=O)C
CHEMBL1644765,C[C@@H]1[C@H](O)C(C)(C)Nc2c(C)cc(c(Cl)c12)c3cccc4cc[nH]c34
CHEMBL1201012,CC1(C)O[C@@H]2C[C@H]3[C@@H]4C[C@H](F)C5=CC(=O)CC[C@]5(C)[C@H]4[C@@H](O)C[C@]3(C)[C@@]2(O1)C(=O)CO
CHEMBL2087282,OC(=O)Cc1ccc(cc1)N(Cc2ccccc2)Cc3ccc(Oc4ccccc4)cc3
CHEMBL3094474,CCC(Cc1ccc(C)cc1C)NS(=O)(=O)c2c(C)cc(C)cc2C
CHEMBL335996,COc1ccccc1\C=C\2/Oc3ccc(F)cc3c4ccc5NC(C)(C)C=C(C)c5c24
CHEMBL564332,CCN(CC(O)(CNC(=O)c1cnn(c1N)c2ccccc2)C(F)(F)F)S(=O)(=O)c3ccc(F)cc3
CHEMBL429114,CN(C)c1ccc(cc1)[C@H]2C[C@@]3(C)[C@@H](CC[C@]34N=COC4=C)[C@@H]5CCC6=CC(=O)CCC6=C25
CHEMBL335992,CC1=CC(C)(C)Nc2ccc(cc12)c3csc(c3)C#N
CHEMBL3094477,CCC(Cc1cc(F)cc(F)c1)NS(=O)(=O)c2c(C)cc(C)cc2C
CHEMBL228326,COc1cc(ccc1O)[C@@H]2O[C@@H]([C@@H](C)[C@H]2C)c3ccc(O)c(OC)c3
CHEMBL559942,CCN(CC(O)(CNc1cc(C)cc2c1cnn2c3ccccc3)C(F)(F)F)C(=O)c4ccccc4
CHEMBL139835,CC(=O)O[C@@]1(CC[C@H]2[C@@H]3C=C(Cl)C4=CC(=O)[C@@H]5C[C@@H]5[C@]4(C)[C@H]3CC[C@]12C)C(=O)C
CHEMBL233243,CC(Cc1c[nH]c2ccccc12)NS(=O)(=O)c3cccc(Cl)c3Cl
CHEMBL389795,CC(Cc1c[nH]c2ccccc12)NS(=O)(=O)c3cc(Cl)cc(Cl)c3
CHEMBL235689,COc1ccc(F)cc1C(C)(C)CC(O)(Cc2cc(Cl)cc(c2)C#N)C(F)(F)F
CHEMBL68083,Cc1c(NS(=O)(=O)C)cccc1N(Cc2ccccc2)Cc3ccc(F)cc3F
CHEMBL304482,COc1cccc(c1)C2Oc3cccc(OC)c3c4ccc(NS(=O)(=O)C)cc24
CHEMBL1682439,C[C@@H]1[C@@H](O)C(C)(C)Nc2c(Cl)c(F)c(c(F)c12)c3cccc4cc[nH]c34
CHEMBL433586,C[C@@H]1C[C@H]2C3CCC4=CC(=O)C=C[C@]4(C)[C@@]3(F)[C@@H](O)C[C@]2(C)[C@@]1(O)C(=O)O
CHEMBL3582114,Cc1onc(C)c1c2cc3c(NC(C)(C)C(=O)C3(C)C)c4OCOc24
CHEMBL3666804,C[C@H](NC(=O)C(C)(F)F)[C@H](Oc1ccc2c(cnn2c3cccc(c3)C(=O)N[C@H]4CCS(=O)(=O)C4)c1)c5ccc6OCCOc6c5
CHEMBL195723,C[C@]12Cc3cnn(c3C=C1CCC24O[C@H](C=C)[C@H](O4)C=C)c5ccc(F)cc5
CHEMBL374732,CC#C[C@]1(O)CC[C@H]2[C@@H]3CCC4=CC(=O)CCC4=C3[C@H](C[C@]12C)c5cc(C)c(OCCO[C@H]6CC[C@@]7(C)[C@H](C[C@@H](O)[C@H]8[C@@H]9CC[C@H]([C@H](C)CCC(=O)O)[C@@]9(C)[C@@H](O)C[C@H]78)C6)c(C)c5
CHEMBL4096901,CCOc1ncc(C)c2NC(=C(C#N)[C@@H](c3ccc(cc3OC)C#N)c12)C
CHEMBL3126949,Cc1ccc(F)cc1C(C)(C)C[C@@](O)(Cc2cc3ncncc3[nH]2)C(F)(F)F
CHEMBL3126948,Cc1ccc(F)cc1C(C)(C)C[C@@](O)(Cc2cc3nnccc3[nH]2)C(F)(F)F
CHEMBL3126947,CC(C)(CC(O)(Cc1cc2ncncc2[nH]1)C(F)(F)F)c3cccc(c3)S(=O)(=O)C
CHEMBL292721,COc1cccc2OC(c3ccccc3)c4cc(N)ccc4c12
CHEMBL3126945,CC(C)(CC(O)(Cc1cc2ncncc2[nH]1)C(F)(F)F)c3cc(Cl)cc4CCOc34
CHEMBL3126944,CC(C)(CC(O)(Cc1cc2ncncc2[nH]1)C(F)(F)F)c3cc(F)cc4CCOc34
CHEMBL3126943,Cc1ccccc1C(C)(C)CC(O)(Cc2cc3ncncc3[nH]2)C(F)(F)F
CHEMBL1668078,C[C@@H](CNc1cc(C)cc2c1cnn2c3cccc(NC4CC4)c3)NS(=O)(=O)c5c(C)cc(C)cc5C
CHEMBL1094527,OC(c1cccc(c1)C#N)(c2ccc3c(cnn3c4ccc(F)cc4)c2)C(F)(F)F
CHEMBL563916,C[C@@H]1C[C@H]2[C@@H]3CCC4=CC(=O)C=C[C@]4(C)[C@@]3(F)[C@@H](O)C[C@]2(C)[C@@]1(O)C(=O)CSCCNC(=S)NCCCN(C)CCCNC(=O)CCNC(=O)C
CHEMBL1682432,C[C@@H]1[C@@H](O)C(C)(C)Nc2c(C)c(F)c(cc12)c3cccc4cc[nH]c34
CHEMBL364031,C[C@]12Cc3cnn(c3C=C1CC[C@@]24OC[C@@H](O4)C=C)c5ccc(F)cc5
CHEMBL2087288,OC(=O)Cc1cc(Br)c(N(Cc2ccc(Oc3ccccc3F)cc2)Cc4cc(F)cc(F)c4)c(Br)c1
CHEMBL4082878,CC(C)(CC(O)(CNc1cccc2C(=O)NC=Cc12)C(F)(F)F)c3cccc(F)c3O
CHEMBL395717,COc1c(O)ccc2O\C(=C/c3sccc3C#N)\c4c(ccc5NC(C)(C)C=C(C)c45)c12
CHEMBL244535,COc1c(O)ccc2O\C(=C/c3sccc3C(=O)C)\c4c(ccc5NC(C)(C)C=C(C)c45)c12
CHEMBL233249,CN(C)c1ccc(cc1)[C@H]2C[C@@]3(C)[C@@H](CC[C@@]3(O)C#Cc4ccccc4F)[C@@H]5OCC6=CC(=O)CCC6=C25
CHEMBL45720,COc1cccc2OC(CC=C(C)C)c3c(ccc4NC(C)(C)C=C(C)c34)c12
CHEMBL3094481,CCC(Cc1ccc(OC)c(C)c1C)NS(=O)(=O)c2c(C)cc(C)cc2C
CHEMBL559302,CN(C)c1ccc(cc1)[C@H]2OC[C@@]3(C)[C@@H](CC[C@@]3(O)C#Cc4ccccc4)[C@@H]5CCC6=CC(=O)CCC6=C25
CHEMBL28157,Fc1cc(cc(c1)c2ccc3N=C(S)C4(CCCCC4)c3c2)C#N
CHEMBL194301,Cc1cc(C)cc(CC(O)(CC(C)(C)c2cc(F)ccc2O)C(=O)Nc3ccc4C(=O)OCc4c3)c1
CHEMBL371311,C[C@]12Cc3cnn(c3C=C1CCC24OCCO4)c5ccc(F)cc5
CHEMBL2087285,OC(=O)Cc1cc(Br)c(N(Cc2ccc(Oc3ccccc3)cc2)Cc4cc(F)cc(F)c4)c(Br)c1
CHEMBL196051,CC(C)(CC(O)(Cc1ccccc1)C(=O)Nc2ccc3C(=O)OCc3c2)c4cc(F)ccc4O
CHEMBL2087283,OC(=O)Cc1cc(Br)c(N(Cc2ccccc2)Cc3ccc(Oc4ccccc4)cc3)c(Br)c1
CHEMBL382346,COc1ccccc1c2ccc3NC(C)(C)C=C(CSc4ccccc4)c3c2
CHEMBL1085853,CCNS(=O)(=O)c1ccc(c2ccc3c(cnn3c4ccc(F)cc4)c2)c(c1)C(F)(F)F
CHEMBL414449,CCC[C@@H]1O[C@@H]2CC3C4C[C@H](F)C5=CC(=O)CC[C@]5(C)[C@@]4(F)[C@@H](O)C[C@]3(C)[C@@]2(O1)S[C@@H]6CCOC6=O
CHEMBL221646,COc1cc(F)c([C@H]2C[C@@]3(C)[C@@H](CC[C@@]3(O)C#CC)[C@@H]4CCC5=CC(=O)CCC5=C24)c(OC)c1
CHEMBL417202,CNc1cccc(c1)C2Oc3cccc(OC)c3c4ccc(NS(=O)(=O)C)cc24
CHEMBL65074,COc1cccc2OC(c3ccccc3)c4cc(ccc4c12)N(C)S(=O)(=O)C
CHEMBL3358951,CC(C)S(=O)(=O)c1cc2cc(CC(O)(CC(C)(C)c3ccc(F)cc3C(=O)N)C(F)(F)F)[nH]c2cn1
CHEMBL3358931,COc1ccc(F)cc1C(C)(C)CC(O)(Cc2cc3cc(ncc3[nH]2)S(=O)(=O)C)C(F)(F)F
CHEMBL3358933,CC(C)(CC(O)(Cc1cc2cc(ncc2[nH]1)N3CCOCC3)C(F)(F)F)c4cccc(F)c4
CHEMBL3358932,CC(C)(CC(O)(Cc1cc2cc(ncc2[nH]1)N3CCOCC3)C(F)(F)F)c4ccccc4
CHEMBL3358935,COc1ccc(F)cc1C(C)(C)CC(O)(Cc2cc3cc(ncc3[nH]2)N4CCOCC4)C(F)(F)F
CHEMBL3358934,CC(C)(CC(O)(Cc1cc2cc(ncc2[nH]1)N3CCOCC3)C(F)(F)F)c4ccc(F)cc4
CHEMBL2024021,C[C@]12CCC(=O)C=C1CC[C@H]3[C@@H]4CC[C@](O)(C(=O)CSc5oc6ccccc6n5)[C@@]4(C)C[C@H](O)[C@H]23
CHEMBL3358936,CC(C)(CC(O)(Cc1cc2cc(ncc2[nH]1)N3CCOCC3)C(F)(F)F)c4cccc(O)c4
CHEMBL3358939,CC(C)(CC(O)(Cc1cc2cc(ncc2[nH]1)N3CCOCC3)C(F)(F)F)c4cccc(c4)C(=O)N
CHEMBL3605932,CS(=O)(=O)Nc1cccc2c(c[nH]c12)c3cccc(Cl)c3
CHEMBL1668077,CC(C)Nc1cccc(c1)n2ncc3c(NC[C@H](C)NS(=O)(=O)c4c(C)cc(C)cc4C)cc(C)cc23
CHEMBL1381098,S=C=Nc1cccc2ccccc12
CHEMBL3233280,Cc1ccc(F)cc1C(C)(C)CC(O)(Cc2cc3cnccc3[nH]2)C4CC4
CHEMBL393819,CCC1(CC(O)(CN2C=CC(=O)c3ccccc23)C(F)(F)F)CCCc4ccccc14
CHEMBL81591,C[C@]12Cc3cnn(c3C=C1CCC[C@@H]2[C@@H](O)c4ccccc4)c5ccc(F)cc5
CHEMBL65354,COc1cccc2OC(c3cccc(F)c3)c4cc(NS(=O)(=O)C)ccc4c12
CHEMBL304877,COc1cccc2OC(c3ccc(Cl)c(Cl)c3)c4cc(NS(=O)(=O)C)ccc4c12
CHEMBL2087284,OC(=O)Cc1cc(Br)c(N(Cc2ccc(Oc3ccccc3)cc2)Cc4cccc(F)c4)c(Br)c1
CHEMBL541765,C[C@H]1C[C@@H]2[C@H]3CCC4=CC(=O)C=C[C@@]4(C)[C@]3(F)[C@H](O)C[C@@]2(C)[C@]1(O)C(=O)CSCCNC(=S)NCCNC(=O)c5cc(NC(=O)c6cc(NC(=O)c7cc(NC(=O)c8cc(NC(=O)c9nccn9C)cn8C)cn7C)cn6C)cn5C
CHEMBL3578271,C[C@@H](N1C(=O)O[C@@](Cc2ccccc2)(C1=O)c3nc4cc(Cl)ccc4[nH]3)c5ccc(F)cc5
CHEMBL428011,CN(C)c1ccc(cc1)[C@H]2C[C@@]3(C)[C@@H](CC[C@@]3(O)C#CC4CC4)[C@@H]5OCC6=CC(=O)CCC6=C25
CHEMBL428012,COCC#C[C@]1(O)CC[C@H]2[C@@H]3OCC4=CC(=O)CCC4=C3[C@](C)(C[C@]12C)c5ccc(cc5)N(C)C
CHEMBL195021,CC(C)(CC(C)(O)C(=O)Nc1ccc2C(=O)OCc2c1)c3ccccc3
CHEMBL1083709,CC(C)S(=O)(=O)Nc1ccc(c2ccc3c(cnn3c4ccc(F)cc4)c2)c(c1)C(F)(F)F
CHEMBL3940435,Clc1ccc(cc1)S(=O)(=O)N(Cc2ccccc2)c3ccc(Oc4ccccc4)cc3
CHEMBL439234,CN(C)c1ccc(cc1)[C@H]2C[C@@]3(C)[C@@H](CC[C@]34N=C(C)OC4=C)[C@@H]5CCC6=CC(=O)CCC6=C25
CHEMBL549778,COc1ccc(cc1)[C@H]2OC[C@@]3(C)[C@@H](CC[C@@]3(O)C#Cc4ccccc4)[C@@H]5CCC6=CC(=O)CCC6=C25
CHEMBL3605933,COc1ccccc1c2c[nH]c3c(NS(=O)(=O)C)cccc23
CHEMBL132193,CC1=CC(C)(C)Nc2ccc(cc12)c3ccc(C#N)s3
CHEMBL235060,COc1ccc(F)cc1C(C)(C)CC(O)(Cc2ccc(C)cc2)C(F)(F)F
CHEMBL385450,CCCCC1(CC(O)(C(=O)Nc2ccc3C(=O)ON=C(C)c3c2)C(F)(F)F)CCCc4ccccc14
CHEMBL550258,CCN(CC(O)(CNc1cccc2c1cnn2c3ccc(F)cc3)C(F)(F)F)C(=O)c4c(C)cccc4C
CHEMBL204332,CCC(C)CSCC1=CC(C)(C)Nc2ccc(cc12)c3ccccc3OC
CHEMBL500897,C[C@H](NC(=O)O[C@@]1([C@@H](C)C[C@H]2[C@@H]3CCC4=CC(=O)C=C[C@]4(C)[C@@]3(F)[C@@H](O)C[C@]12C)C(=O)CO)c5ccccc5
CHEMBL305393,COc1cccc2OC(c3ccccc3)c4cc(NCc5ccccc5)ccc4c12
CHEMBL392499,COc1ccc(F)cc1C(C)(C)CC(O)(Cc2cc(C)cc(Cl)c2)C(F)(F)F
CHEMBL1940553,C[C@]12C[C@H](O)[C@H]3[C@@H](CCC4=CC(=O)C=C[C@]34C)[C@@H]1CC[C@]2(O)C(=O)CSc5nc6cccnc6s5
CHEMBL1370,CCCC1O[C@@H]2C[C@H]3[C@@H]4CCC5=CC(=O)C=C[C@]5(C)[C@H]4[C@@H](O)C[C@]3(C)[C@@]2(O1)C(=O)CO
CHEMBL3261172,C[C@@H](CNc1ccc2ncccc2c1)NS(=O)(=O)c3c(C)cc(C)cc3C
CHEMBL1501,CC(=O)OCC(=O)[C@@]12OC(C)(C)O[C@@H]1C[C@H]3[C@@H]4C[C@H](F)C5=CC(=O)C=C[C@]5(C)[C@@]4(F)[C@@H](O)C[C@]23C
CHEMBL388432,CC(Cc1c[nH]c2cc(F)ccc12)NS(=O)(=O)c3c(C)cc(C)cc3C
CHEMBL1400945,CC(=O)[C@H]1[C@@H](C[C@H]2[C@@H]3CC=C4C[C@@H](O)CC[C@]4(C)[C@H]3CC[C@]12C)C#N
CHEMBL1504,CC1(C)O[C@@H]2C[C@H]3[C@@H]4CCC5=CC(=O)C=C[C@]5(C)[C@@]4(F)[C@@H](O)C[C@]3(C)[C@@]2(O1)C(=O)CO
CHEMBL1911542,COc1ccc(F)cc1C(C)(C)C[C@@](O)(Cc2cc3ccccc3[nH]2)C(F)(F)F
CHEMBL499630,CCCCCNC(=O)O[C@@]1([C@@H](C)C[C@H]2[C@@H]3CCC4=CC(=O)C=C[C@]4(C)[C@@]3(F)[C@@H](O)C[C@]12C)C(=O)CO
CHEMBL4101996,COC(=O)Nc1ccc(cc1)S(=O)(=O)N(Cc2ccccc2)c3ccc(Oc4ccccc4)cc3
CHEMBL48283,COc1cccc2OC(CC(=C)C)c3c(ccc4NC(C)(C)C=C(C)c34)c12
CHEMBL1254734,COc1ccc(F)cc1C(C)(C)CC(O)(Cc2cc3ccncc3[nH]2)C(F)(F)F
CHEMBL1254735,COc1ccc(F)cc1C(C)(C)CC(O)(Cc2cc3cnccc3[nH]2)C(F)(F)F
CHEMBL1762199,CO\N=C\1/CC(C)(C)Nc2cc(F)c(c(F)c12)c3cccc4cc[nH]c34
CHEMBL1097475,CC(O)(c1ccc(F)cc1)c2ccc3c(cnn3c4ccc(F)cc4)c2
CHEMBL3358950,CCS(=O)(=O)c1cc2cc(CC(O)(CC(C)(C)c3ccc(F)cc3C(=O)N)C(F)(F)F)[nH]c2cn1
CHEMBL214333,CCC1(CC(O)(C(=O)Nc2ccc3C(=O)ON=C(C)c3c2)C(F)(F)F)CCOc4ccccc14
CHEMBL2022658,C[C@]12Cc3cnn(C4CCCCC4)c3C=C1CC[C@H]5[C@@H]6CC[C@](O)(C(=O)CSc7ccccn7)[C@@]6(C)C[C@H](O)[C@H]25
CHEMBL1911546,COc1ccc(F)cc1C(C)(C)CC(O)(Cc2cc3cccc(c3[nH]2)C(F)(F)F)C(F)(F)F
CHEMBL327757,COCOc1cccc(c1)C2Oc3cccc(OC)c3c4ccc5NC(C)(C)C=C(C)c5c24
CHEMBL2419301,CC1NC(=O)C(=C1c2cc(C)c3OCC(=O)Nc3c2)c4ccc(F)cc4
CHEMBL193404,C[C@]12Cc3cnn(c3C=C1CCC[C@@H]2[C@@H](O)c4ccc(Cl)s4)c5ccc(F)cc5
CHEMBL365818,C[C@]12Cc3cnn(c3C=C1CCC[C@@H]2[C@@H](O)c4ccncc4)c5ccc(F)cc5
CHEMBL1911656,CC(C)(CC(O)(Cc1cc2ccccc2[nH]1)C(F)(F)F)c3cc(F)cc4CCOc34
CHEMBL65690,CC(=C\C=C\1/Oc2ccc(F)cc2c3ccc4NC(C)(C)C=C(C)c4c13)C
CHEMBL194059,C[C@]12Cc3cnn(c3C=C1CC[C@]24OC[C@@H](O4)C=C)c5ccc(F)cc5
CHEMBL3263763,COc1nc(ccc1C(=O)N)C2=NN([C@H](C2)C3CCCC3)c4ccc(C#N)c(C)n4
CHEMBL235480,COc1ccc(F)cc1C(C)(C)CC(O)(Cc2cc(Cl)cc(Cl)c2)C(F)(F)F
CHEMBL65695,COc1cccc2OC(c3cccc(Cl)c3)c4cc(NS(=O)(=O)C)ccc4c12
CHEMBL63422,COc1cccc2OC(c3ccccc3)c4ccccc4c12
CHEMBL3358945,CC(C)(CC(O)(Cc1cc2cc(ncc2[nH]1)S(=O)(=O)C)C(F)(F)F)c3ccccc3S(=O)(=O)N
CHEMBL65221,CS(=O)(=O)Nc1ccc2c(c1)C(Oc3cccc(OC(F)F)c23)c4ccccc4
CHEMBL1911654,COc1ccc(F)cc1C(C)(C)CC(O)(Cc2cc3ccc(cc3[nH]2)C#N)C(F)(F)F
CHEMBL503041,C[C@H]1C[C@H]2[C@@H]3CCC4=CC(=O)C=C[C@]4(C)[C@@]3(F)[C@@H](O)C[C@]2(C)[C@@]1(OC(=O)NC56CC7CC(CC(C7)C5)C6)C(=O)CO
CHEMBL989,CC1(C)O[C@@H]2C[C@H]3[C@@H]4C[C@H](F)C5=CC(=O)C=C[C@]5(C)[C@@]4(F)[C@@H](O)C[C@]3(C)[C@@]2(O1)C(=O)CO
CHEMBL2023240,C[C@]12Cc3cnn(c3C=C1CC[C@H]4[C@@H]5CC[C@](O)(C(=O)COc6nc7ccccc7s6)[C@@]5(C)C[C@H](O)[C@H]24)c8ccc(F)cc8
CHEMBL2024020,Cn1c(SCC(=O)[C@@]2(O)CC[C@@]3(C)[C@@H]4CCC5=CC(=O)CC[C@]5(C)[C@H]4[C@@H](O)C[C@]23C)nc6ccccc16
CHEMBL209574,CC1=NOC(=O)c2ccc(NC(=O)C(O)(CC3CCCc4ccc(cc34)[N+](=O)[O-])C(F)(F)F)cc12
CHEMBL2024022,Cc1nc(SCC(=O)[C@@]2(O)CC[C@H]3[C@@H]4CCC5=CC(=O)CC[C@]5(C)[C@H]4[C@@H](O)C[C@]23C)sc1C
CHEMBL1911548,COc1ccc(F)cc1C(C)(C)CC(O)(Cc2cc3c(C)cccc3[nH]2)C(F)(F)F
CHEMBL196975,CCCC[C@H]1OC2(CCCC3=Cc4c(C[C@]23C)cnn4c5ccc(F)cc5)O[C@@H]1CCCC
CHEMBL1911651,COc1ccc(F)cc1C(C)(C)CC(O)(Cc2cc3ccc(F)cc3[nH]2)C(F)(F)F
CHEMBL2024027,C[C@]12CCC(=O)C=C1CC[C@H]3[C@@H]4CC[C@](O)(C(=O)CSc5oc(nn5)c6ccccc6)[C@@]4(C)C[C@H](O)[C@H]23
CHEMBL330638,COc1cccc2OC(c3cc(C)cc(C)c3)c4c(ccc5NC(C)(C)C=C(C)c45)c12
CHEMBL2024029,Cc1cccc(SCC(=O)[C@@]2(O)CC[C@H]3[C@@H]4CCC5=CC(=O)CC[C@]5(C)[C@H]4[C@@H](O)C[C@]23C)n1
CHEMBL4104286,C[C@H](NC(=O)C(C)(F)F)[C@H](Oc1ccc2c(cnn2c3ccc(F)cc3)c1)c4ccc5OCCOc5c4
CHEMBL394860,CN(C)c1ccc(cc1)[C@H]2C[C@@]3(C)[C@@H](CC[C@@]3(O)C#Cc4ccccc4Cl)[C@@H]5OCC6=CC(=O)CCC6=C25
CHEMBL1085625,CCS(=O)(=O)Nc1ccc(c2ccc3c(cnn3c4ccc(F)cc4)c2)c(c1)C(F)(F)F
CHEMBL3605929,COc1cc(F)ccc1c2c(C)[nH]c3c(NS(=O)(=O)C)cc(F)cc23
CHEMBL1254420,CC(C)(CC(O)(Cc1cc2ccncc2[nH]1)C(F)(F)F)c3cc(F)cc4CCOc34
CHEMBL2419308,CCC1OC(=O)C(=C1c2ccc3OCC(=O)Nc3c2)c4ccc(F)cc4
CHEMBL3358948,Cc1ccc(c(c1)C(=O)N)C(C)(C)CC(O)(Cc2cc3cc(ncc3[nH]2)S(=O)(=O)C)C(F)(F)F
CHEMBL3605927,COc1cc(F)ccc1c2c(Cc3ccccc3)[nH]c4c(NS(=O)(=O)C)cc(cc24)C(C)C
CHEMBL524378,C[C@H]1C[C@@H]2[C@H]3CCC4=CC(=O)C=C[C@@]4(C)[C@]3(F)[C@H](O)C[C@@]2(C)[C@]1(O)C(=O)CSCCNC(=S)NCCNC(=O)c5cc(NC(=O)c6cncn6C)cn5C
CHEMBL396997,COc1ccccc1c2ccc3NC(C)(C)C=C(C(C)SCC=C)c3c2
CHEMBL2023233,COc1ccc(cc1)n2ncc3C[C@]4(C)[C@H]5[C@@H](O)C[C@@]6(C)[C@@H](CC[C@]6(O)C(=O)CSc7nc8ccccc8s7)[C@@H]5CCC4=Cc23
CHEMBL2023234,C[C@]12Cc3cnn(c3C=C1CC[C@H]4[C@@H]5CC[C@](O)(C(=O)CSc6nc7ccccc7s6)[C@@]5(C)C[C@H](O)[C@H]24)c8ccccn8
CHEMBL2023235,C[C@]12Cc3cnn(C4CCOCC4)c3C=C1CC[C@H]5[C@@H]6CC[C@](O)(C(=O)CSc7nc8ccccc8s7)[C@@]6(C)C[C@H](O)[C@H]25
CHEMBL311034,C[C@]12Cc3cnn(c3C=C1CCC[C@@H]2[C@H](O)c4ccc(F)cc4)c5ccc(F)cc5
CHEMBL3261424,C[C@@H](CNc1cccc2c1cnn2c3ccc(F)cc3)NS(=O)(=O)c4c(C)nn(C5CCCC5)c4C
CHEMBL456237,Fc1ccc(cc1)c2c3cccc(c3nn2Cc4ccc(F)cc4Cl)C(F)(F)F
CHEMBL2419305,CC1(C)OC(=O)C(=C1c2ccc3OCC(=O)Nc3c2)c4ccc(F)cc4
CHEMBL295475,COc1cccc2OC(C3CCCCC3=C)c4c(ccc5NC(C)(C)C=C(C)c45)c12
CHEMBL193523,Cc1cccc(CC(O)(CC(C)(C)c2cc(F)ccc2O)C(=O)Nc3ccc4C(=O)OCc4c3)c1
CHEMBL1911659,CC(C)(CC(O)(Cc1cc2ccccc2[nH]1)C(F)(F)F)c3cc(cc4CCOc34)C#N
CHEMBL556793,C[C@@H]1C[C@H]2[C@@H]3CCC4=CC(=O)C=C[C@]4(C)[C@@]3(F)[C@@H](O)C[C@]2(C)[C@@]1(O)C(=O)CSCCNC(=S)NCCCN(C)CCCNC(=O)CCNC(=O)c5cc(NC(=O)c6cc(NC(=O)c7cc(NC(=O)c8cc(NC(=O)CCCNC(=O)c9nccn9C)cn8C)cn7C)cn6C)cn5C
CHEMBL232428,CN(C)c1ccc(cc1)[C@H]2C[C@@]3(C)[C@@H](CC[C@@]3(O)C#Cc4ccc(Cl)cc4)[C@@H]5OCC6=CC(=O)CCC6=C25
CHEMBL4078581,FC(F)(F)Oc1ccc(cc1)S(=O)(=O)N(Cc2ccccc2)c3ccc(Oc4ccccc4)cc3
CHEMBL1911658,CC(C)(CC(O)(Cc1cc2ccccc2[nH]1)C(F)(F)F)c3cc(Br)cc4CCOc34
CHEMBL422444,CSc1ccccc1\C=C\2/Oc3ccc(F)cc3c4ccc5NC(C)(C)C=C(C)c5c24
CHEMBL3261398,C[C@@H](COc1cccc2ncccc12)NS(=O)(=O)c3c(C)cc(Cl)cc3Cl
CHEMBL382785,COc1ccccc1c2ccc3NC(C)(C)C=C(CSCCc4ccccc4)c3c2
CHEMBL370194,CC[C@H]1OC2(CCC3=Cc4c(C[C@]23C)cnn4c5ccc(F)cc5)O[C@@H]1CC
CHEMBL370624,CC(C)(CC(O)(Cc1ccccc1O)C(=O)Nc2ccc3C(=O)OCc3c2)c4ccccc4
CHEMBL3982975,CC#C[C@]1(O)CC[C@H]2[C@@H]3CCc4cc(ccc4[C@H]3[C@H](C[C@]12C)OC(=O)OCC=C)C(=O)Nc5cccnc5C
CHEMBL1917243,C[C@]12C[C@H](O)[C@@]3(F)[C@@H](CCC4=CC(=O)CC[C@]34C)[C@@H]1CC[C@]2(O)C(=O)CSc5nc6ccccc6s5
CHEMBL3094471,CCC(Cc1ccc(C)cc1)NS(=O)(=O)c2c(C)cc(C)cc2C
CHEMBL3094470,CCC(Cc1cccc(C)c1)NS(=O)(=O)c2c(C)cc(C)cc2C
CHEMBL193703,COC[C@H]1OC2(CCC3=Cc4c(C[C@]23C)cnn4c5ccc(F)cc5)O[C@@H]1COC
CHEMBL3094472,CCC(Cc1c(C)cccc1C)NS(=O)(=O)c2c(C)cc(C)cc2C
CHEMBL3094475,CCC(Cc1cc(C)ccc1C)NS(=O)(=O)c2c(C)cc(C)cc2C
CHEMBL193704,C[C@]12Cc3cnn(c3C=C1CC[C@@]24OC[C@H](O4)C=C)c5ccc(F)cc5
CHEMBL235688,COc1ccc(F)cc1C(C)(C)CC(O)(Cc2c(Cl)cccc2Cl)C(F)(F)F
CHEMBL395341,CC(Cc1c[nH]c2ccc(F)cc12)NS(=O)(=O)c3c(C)cc(C)cc3C
CHEMBL236018,CCC1(CC(O)(Cc2cc3c(C)cc(cc3[nH]2)C#N)C(F)(F)F)CCCc4ccccc14
CHEMBL1200600,C[C@H]1C[C@H]2[C@@H]3CC[C@](O)(C(=O)C)[C@@]3(C)C[C@H](O)[C@]2(F)[C@@]4(C)C=CC(=O)C=C14
CHEMBL1917246,C[C@@H]1C[C@H]2[C@@H]3C[C@H](F)C4=CC(=O)C=C[C@]4(C)[C@@]3(F)[C@@H](O)C[C@]2(C)[C@@]1(O)C(=O)CSc5nc6ccccc6s5
CHEMBL3093445,Cc1cc(C)c(c(C)c1)S(=O)(=O)NC(Cc2c[nH]c3cccc(C)c23)C(F)(F)F
CHEMBL552769,C[C@@H]1C[C@H]2[C@@H]3CCC4=CC(=O)C=C[C@]4(C)[C@@]3(F)[C@@H](O)C[C@]2(C)[C@@]1(O)C(=O)CSCCNC(=S)NCCCN(C)CCCNC(=O)CCNC(=O)c5cc(NC(=O)c6cc(NC(=O)c7cc(NC(=O)c8cc(NC(=O)CCCNC(=O)c9cc(NC(=O)c%10nccn%10C)cn9C)cn8C)cn7C)cn6C)cn5C
CHEMBL221686,COc1ccc(cc1)[C@H]2C[C@@]3(C)[C@@H](CC[C@@]3(O)C#CC)[C@@H]4CCC5=CC(=O)CCC5=C24
CHEMBL3582119,CC1(C)Nc2c3CCCc3c(cc2C(C)(C)C1=O)c4cccc5nccn45
CHEMBL3582116,Cc1ncn(C)c1c2cc3c(NC(C)(C)C(=O)C3(C)C)c4CCCc24
CHEMBL3261400,C[C@@H](COc1cccc2ncccc12)NS(=O)(=O)c3cccc(c3)C#N
CHEMBL2107797,CC[C@]12CC[C@H]3[C@@H](CCC4=CC(=O)CC[C@H]34)[C@@H]1CCC2(O)C#C
CHEMBL3358941,CC(C)(CC(O)(Cc1cc2cc(ncc2[nH]1)N3CCOCC3)C(F)(F)F)c4cccc(c4)S(=O)(=O)N
CHEMBL3582113,Cc1onc(C)c1c2cc3c(NC(C)(C)C(=O)C3(C)C)c4CCCCc24
CHEMBL430192,CC(Cc1c(C)[nH]c2ccccc12)NS(=O)(=O)c3c(Cl)cc(Cl)cc3Cl
CHEMBL497472,C[C@H]1C[C@H]2[C@@H]3CCC4=CC(=O)C=C[C@]4(C)[C@@]3(F)[C@@H](O)C[C@]2(C)[C@@]1(OC(=O)NC(C)(C)C)C(=O)CO
CHEMBL1254494,CC(C)(CC(O)(Cc1cc2ccncc2[nH]1)C(F)(F)F)c3cc(Cl)cc4CCOc34
CHEMBL1911657,Cc1cc2CCOc2c(c1)C(C)(C)CC(O)(Cc3cc4ccccc4[nH]3)C(F)(F)F
CHEMBL1911655,CC(C)(CC(O)(Cc1cc2ccccc2[nH]1)C(F)(F)F)c3cccc4CCOc34
CHEMBL218214,CSc1ccc(cc1)[C@H]2C[C@@]3(C)[C@@H](CC[C@@]3(O)C#CC)[C@@H]4CCC5=CC(=O)CCC5=C24
CHEMBL1911653,COc1ccc(F)cc1C(C)(C)CC(O)(Cc2cc3ccc(cc3[nH]2)C(F)(F)F)C(F)(F)F
CHEMBL1911652,COc1ccc(F)cc1C(C)(C)CC(O)(Cc2cc3ccc(C)cc3[nH]2)C(F)(F)F
CHEMBL397212,CN(C)c1ccc(cc1)[C@H]2C[C@@]3(C)[C@@H](CC[C@@]3(O)C#Cc4ccc(cc4)C#N)[C@@H]5OCC6=CC(=O)CCC6=C25
CHEMBL2419309,CC1N(C)C(=O)C(=C1c2ccc3OCC(=O)Nc3c2)c4ccc(F)cc4
CHEMBL510216,CCC[C@@]12CC[C@@](O)(C[C@H]1CCc3cc(O)ccc23)C#CC
CHEMBL4096557,C[C@H](NC(=O)C(C)(F)F)[C@H](Oc1ccc2c(cnn2c3cccc(c3)C(=O)N4CCC[C@@H]4C(=O)N)c1)c5ccccc5
CHEMBL1917248,C[C@H]1C[C@H]2[C@@H]3CC[C@](O)(C(=O)CSc4nc5ccccc5s4)[C@@]3(C)C[C@H](O)[C@@H]2[C@@]6(C)C=CC(=O)C=C16
CHEMBL193798,C[C@]12Cc3cnn(c3C=C1CCCC24O[C@@H]([C@H](O4)c5ccccc5)c6ccccc6)c7ccc(F)cc7
CHEMBL2112311,CC[C@@H]1[C@H](C)CNc2cc3OC(=O)C=C(c3cc12)C(F)(F)F
CHEMBL2407651,C[C@@H](N1C(=O)O[C@](Cc2ccc(F)cc2)(C(=O)NCc3ccc(Cl)c(Cl)c3)C1=O)c4ccc(F)cc4
CHEMBL2024024,C[C@]12CCC(=O)C=C1CC[C@H]3[C@@H]4CC[C@](O)(C(=O)CSc5cnc6ccccc6n5)[C@@]4(C)C[C@H](O)[C@H]23
CHEMBL1917249,C[C@]12CCC(=O)C=C1CC[C@H]3[C@@H]4CC[C@](OC(=O)c5occc5)(C(=O)CSc6nccc7ccccc67)[C@@]4(C)C[C@H](O)[C@H]23
CHEMBL195654,C[C@@H]1CC(C)(C)O[C@]2(CCC3=Cc4c(C[C@]23C)cnn4c5ccc(F)cc5)O1
CHEMBL362914,C[C@]12Cc3cnn(c3C=C1CCC[C@@H]2[C@@H](O)c4ccc(F)nc4)c5ccc(F)cc5
CHEMBL293388,COc1cccc2OC(c3cccs3)c4cc(NS(=O)(=O)C)ccc4c12
CHEMBL1911545,COc1ccc(F)cc1C(C)(C)CC(O)(Cc2cc3cccc(C)c3[nH]2)C(F)(F)F
CHEMBL2022861,C[C@]12Cc3cnn(C4CCCCC4)c3C=C1CC[C@H]5[C@@H]6CC[C@](O)(C(=O)CSc7ccc8ccccc8n7)[C@@]6(C)C[C@H](O)[C@H]25
CHEMBL241694,C[C@]12CCC(=O)C=C1CC[C@@H]3[C@@H]2CC[C@@]4(C)[C@H]3CC[C@@]4(O)C#C
CHEMBL397018,COc1ccccc1c2ccc3NC(C)(C)C=C(C(C)OC\C=C\C)c3c2
CHEMBL538939,C[C@H]1C[C@@H]2[C@H]3CCC4=CC(=O)C=C[C@@]4(C)[C@]3(F)[C@H](O)C[C@@]2(C)[C@]1(O)C(=O)CSCCNC(=S)NCCNC(=O)c5cc(NC(=O)c6cc(NC(=O)c7cc(NC(=O)c8nccn8C)cn7C)cn6C)cn5C
CHEMBL205414,COc1ccccc1c2ccc3NC(C)(C)C=C(CSc4ccc(Cl)cc4)c3c2
CHEMBL1258901,C[C@]12CC[C@H]3[C@@H](CCc4cc(O)ccc34)[C@@H]1CC[C@@]2(O)\C=C\CC(F)(F)C(F)(F)C(F)(F)F
CHEMBL296624,COc1cccc2OC(CC(=C)Br)c3c(ccc4NC(C)(C)C=C(C)c34)c12
CHEMBL561475,CCN(CC(O)(CNc1cc(C)cc2c1cnn2c3ccc(F)cc3)C(F)(F)F)C(=O)c4ccccc4
CHEMBL282650,CC1(C)OC(=Nc2ccc(cc12)c3csc(c3)C#N)S
CHEMBL3093448,Cc1cc(C)c(c(C)c1)S(=O)(=O)NC(Cc2c[nH]c3c(C)cccc23)C(F)(F)F
CHEMBL296623,COc1cccc2OC(CC(=C)COC(=O)C)c3c(ccc4NC(C)(C)C=C(C)c34)c12
CHEMBL1911544,COc1ccc(F)cc1C(C)(C)CC(O)(Cc2cc3cccc(F)c3[nH]2)C(F)(F)F
CHEMBL3093444,CC(C)(Cc1c[nH]c2ccccc12)NS(=O)(=O)c3c(N)cc(Cl)cc3Cl
CHEMBL3093447,Cc1ccc2c(CC(NS(=O)(=O)c3c(C)cc(C)cc3C)C(F)(F)F)c[nH]c2c1
CHEMBL291610,COc1cccc2OC(c3cccnc3)c4cc(NS(=O)(=O)C)ccc4c12
CHEMBL3093443,Cc1cc(C)c(c(C)c1)S(=O)(=O)NC(Cc2c[nH]c3ccccc23)C(F)(F)F
CHEMBL1086484,Fc1ccc(cc1)n2ncc3cc(ccc23)c4ccc(NS(=O)(=O)Cc5ccccc5)cc4C(F)(F)F
CHEMBL3578274,C[C@@H](N1C(=O)O[C@@](Cc2ccccc2)(C1=O)c3nc4cc(ccc4[nH]3)C(F)(F)F)c5ccc(F)cc5
CHEMBL416465,COc1cccc2OC(CC(=C)CO)c3c(ccc4NC(C)(C)C=C(C)c34)c12
CHEMBL450943,CC1=NOC(=O)c2ccc(NC(=O)C(O)(CC3CCCc4cc(ccc34)[N+](=O)[O-])C(F)(F)F)cc12
CHEMBL3264936,CCN1C(=NN(Cc2ccc(cc2)C(C)(C)C)C1=O)CCCc3ccc(cc3)c4ccc(NS(=O)(=O)c5ccc(cc5)c6ccc(OC)cc6)cc4
CHEMBL373083,Cc1ccccc1CC(O)(CC(C)(C)c2cc(F)ccc2O)C(=O)Nc3ccc4C(=O)OCc4c3
CHEMBL429987,COc1ccc(F)cc1C(C)(C)CC(O)(Cc2ccc(cc2)C#N)C(F)(F)F
CHEMBL222127,COc1cc(F)c(cc1F)[C@H]2C[C@@]3(C)[C@@H](CC[C@@]3(O)C#CC)[C@@H]4CCC5=CC(=O)CCC5=C24
CHEMBL2022653,Cn1c(SCC(=O)[C@@]2(O)CC[C@H]3[C@@H]4CCC5=Cc6c(C[C@]5(C)[C@H]4[C@@H](O)C[C@]23C)cnn6c7ccccc7)nc8ccccc18
CHEMBL238044,COc1ccc(F)cc1C(C)(C)CC(O)(Cc2ccc3ccccc3c2)C(F)(F)F
CHEMBL3126953,Cc1ccc(F)cc1C(C)(C)CC(O)(Cc2cc3ncncc3[nH]2)C(F)(F)F
CHEMBL1086260,CC(C)N(c1ccccc1)S(=O)(=O)c2ccc(c3ccc4c(cnn4c5ccc(F)cc5)c3)c(c2)C(F)(F)F
CHEMBL1668069,C[C@@H](CNc1cc(C)cc2c1cnn2c3ccc(cc3)S(=O)(=O)C)NS(=O)(=O)c4c(C)cc(C)cc4C
CHEMBL551863,CN(C)c1ccc(cc1)[C@H]2OC[C@@]3(C)[C@@H](CC[C@]34OCCC4=C)[C@@H]5CCC6=CC(=O)CCC6=C25
CHEMBL1095227,OC(c1ccc(Cl)c(Cl)c1)(c2ccc3c(cnn3c4ccc(F)cc4)c2)C(F)(F)F
CHEMBL419633,Cc1c(NS(=O)(=O)C)cccc1N(Cc2ccccc2)Cc3ccccc3
CHEMBL3261420,C[C@@H](CCc1cccc2c1cnn2c3ccc(F)cc3)NS(=O)(=O)c4c(C)cc(C)cc4C
CHEMBL3261421,CC(CSc1cccc2c1cnn2c3ccc(F)cc3)NS(=O)(=O)c4c(C)cc(C)cc4C
CHEMBL509182,C[C@@H](NC(=O)O[C@@]1([C@@H](C)C[C@H]2[C@@H]3CCC4=CC(=O)C=C[C@]4(C)[C@@]3(F)[C@@H](O)C[C@]12C)C(=O)CO)c5ccccc5
CHEMBL2087293,OC(=O)Cc1cc(Br)c(N(Cc2ccc(Oc3ccc(Br)cc3Br)cc2)Cc4cc(F)cc(F)c4)c(Br)c1
CHEMBL392289,COc1ccc(F)cc1C(C)(C)CC(O)(Cc2ccc(C=O)cc2Cl)C(F)(F)F
CHEMBL1095228,Cc1cccc(c1)C(O)(c2ccc3c(cnn3c4ccc(F)cc4)c2)C(F)(F)F
CHEMBL1668067,COc1ccc(cc1)n2ncc3c(NC[C@H](C)NS(=O)(=O)c4c(C)cc(C)cc4C)cc(C)cc23
CHEMBL1668066,C[C@@H](CNc1cc(C)cc2c1cnn2c3cccc(F)c3)NS(=O)(=O)c4c(C)cc(C)cc4C
CHEMBL371988,C[C@H]1OC2(CCCC3=Cc4c(C[C@]23C)cnn4c5ccc(F)cc5)O[C@@H]1C
CHEMBL370259,CC(C)(CC(O)(Cc1cccc(O)c1)C(=O)Nc2ccc3C(=O)OCc3c2)c4ccccc4
CHEMBL2022652,C[C@]12Cc3cnn(C4CCCCC4)c3C=C1CC[C@H]5[C@@H]6CC[C@](O)(C(=O)CO)[C@@]6(C)C[C@H](O)[C@H]25
CHEMBL1682419,C[C@@H]1[C@@H](O)C(C)(C)Nc2c(C)cc(c(F)c12)c3cccc4cc[nH]c34
CHEMBL294112,COC(=O)c1cccc2OC(c3ccccc3)c4cc(NS(=O)(=O)C)ccc4c12
CHEMBL362988,C[C@@H]1C[C@H](C)O[C@@]2(CCC3=Cc4c(C[C@]23C)cnn4c5ccc(F)cc5)O1
CHEMBL3933196,CCCS(=O)(=O)N[C@@H](C)[C@H](Oc1ccc2c(cnn2c3ccc(F)cc3)c1)c4ccccc4
CHEMBL394168,CCC1(CC(O)(CNC(=O)c2cnn(c2N)c3ccccc3)C(F)(F)F)CCCc4ccccc14
CHEMBL2022864,C[C@]12Cc3cnn(c3C=C1CC[C@H]4[C@@H]5CC[C@](O)(C(=O)COc6cnc7ccccc7n6)[C@@]5(C)C[C@H](O)[C@H]24)c8ccccc8
CHEMBL232250,CC(Cc1c[nH]c2ccccc12)NS(=O)(=O)c3cc(Cl)c(Cl)cc3Cl
CHEMBL3261429,COc1ncc(cn1)n2ncc3c(NC[C@H](C)NS(=O)(=O)c4c(C)nn(C5CCCC5)c4C)cccc23
CHEMBL1762203,CC(C)(C)O\N=C\1/CC(C)(C)Nc2cc(F)c(c(F)c12)c3cccc4c(Cl)c[nH]c34
CHEMBL3582115,Cc1cnn(C)c1c2cc3c(NC(C)(C)C(=O)C3(C)C)c4CCCc24
CHEMBL553440,C[C@@H]1C[C@H]2[C@@H]3CCC4=CC(=O)C=C[C@]4(C)[C@@]3(F)[C@@H](O)C[C@]2(C)[C@@]1(O)C(=O)CSCCNC(=S)NCCCN(C)CCCNC(=O)CCNC(=O)c5cc(NC(=O)c6cc(NC(=O)c7cc(NC(=O)c8cc(NC(=O)c9nccn9C)cn8C)cn7C)cn6C)cn5C
CHEMBL553441,C[C@H]1C[C@@H]2[C@H]3CCC4=CC(=O)C=C[C@@]4(C)[C@]3(F)[C@H](O)C[C@@]2(C)[C@]1(O)C(=O)NCCNC(=O)c5cc(NC(=O)c6cc(NC(=O)c7cc(NC(=O)c8nccn8C)cn7C)cn6C)cn5C
CHEMBL4070346,C[C@H](NC(=O)C(C)(F)F)[C@H](Oc1ccc2c(cnn2c3cccc(c3)C(=O)N4CCC[C@@H]4C(=O)N)c1)c5ccc6OCCOc6c5
CHEMBL232847,CN(C)c1ccc(cc1)[C@H]2C[C@@]3(C)[C@@H](CC[C@@]3(O)C#Cc4ccccc4C)[C@@H]5OCC6=CC(=O)CCC6=C25
CHEMBL3126946,CC(C)(CC(O)(Cc1cc2ncncc2[nH]1)C(F)(F)F)c3ccccc3S(=O)(=O)C
CHEMBL195962,CC1=NOC(=O)c2ccc(NC(=O)C(O)(CC3CCCCC3)CC(C)(C)c4cc(F)ccc4O)cc12
CHEMBL388363,COc1ccc(cc1OC)[C@@H]2[C@@H](C)[C@H](C)[C@H]2c3ccc(OC)c(OC)c3
CHEMBL195967,C[C@@H]1CC(C)(C)O[C@@]2(CCC3=Cc4c(C[C@]23C)cnn4c5ccc(F)cc5)O1
CHEMBL3906238,CCCCCS(=O)(=O)N[C@@H](C)[C@H](Oc1ccc2c(cnn2c3ccc(F)cc3)c1)c4ccccc4
CHEMBL430004,COc1ccccc1c2ccc3NC(C)(C)C=C(C(C)OCCc4ccc(Cl)cc4)c3c2
CHEMBL244714,CCO\N=C(/C)\c1ccsc1\C=C\2/Oc3ccc(O)c(OC)c3c4ccc5NC(C)(C)C=C(C)c5c24
CHEMBL196509,C[C@]12Cc3cnn(c3C=C1CCCC24OCCO4)c5ccc(F)cc5
CHEMBL3358944,CC(C)(CC(O)(Cc1cc2cc(ncc2[nH]1)S(=O)(=O)C)C(F)(F)F)c3ccccc3S(=O)(=O)C
CHEMBL3261410,C[C@@H](CNc1cccc2c1cnn2c3ccccc3)NS(=O)(=O)c4c(C)cc(C)cc4C
CHEMBL3126941,CC(C)(CC(O)(Cc1cc2ncncc2[nH]1)C(F)(F)F)c3cc(F)ccc3O
CHEMBL185524,CC(=O)NCCOc1cccc(Oc2ccc(CN(Cc3ccccc3)c4cccc(NS(=O)(=O)C)c4C)cc2)c1
CHEMBL3955372,CCN(CC)c1cc2OC(=O)C=Cc2cc1c3ccc(C#N)n3C
CHEMBL304019,COc1cccc2OC(c3ccc(Cl)cc3)c4cc(NS(=O)(=O)C)ccc4c12
CHEMBL1094526,OC(c1cccc(Cl)c1)(c2ccc3c(cnn3c4ccc(F)cc4)c2)C(F)(F)F
CHEMBL1644761,Cc1cc(c(Cl)c2c1NC(C)(C)C(O)C2(C)C)c3cccc4cc[nH]c34
CHEMBL3923131,C[C@H](NS(=O)(=O)C)[C@H](Oc1ccc2c(cnn2c3ccc(F)cc3)c1)c4ccccc4
CHEMBL3937005,CCCCC#C[C@]1(O)CC[C@H]2[C@@H]3CCc4cc(ccc4[C@H]3[C@@H](O)C[C@]12C)C(=O)Nc5cccnc5C
CHEMBL3901719,COc1cccc(c1)[C@@H](Oc2ccc3c(cnn3c4ccc(F)cc4)c2)[C@H](C)NC(=O)C(C)(C)C
CHEMBL396451,CN(C)c1ccc(cc1)[C@H]2C[C@@]3(C)[C@@H](CC[C@@]3(O)C#Cc4ccccc4Br)[C@@H]5OCC6=CC(=O)CCC6=C25
CHEMBL182464,Cc1c(NS(=O)(=O)C)cccc1N(Cc2ccccc2)Cc3ccc(Oc4cccc(CCNC(=O)CCCC(=O)O)c4)cc3
CHEMBL65868,COc1cccc2OC(c3ccc(C)cc3)c4cc(NS(=O)(=O)C)ccc4c12
CHEMBL282575,C[C@]12CC[C@H]3[C@@H](CCc4cc(OC(=O)c5ccccc5)ccc34)[C@@H]1CC[C@@H]2O
CHEMBL235280,COc1ccc(F)cc1C(C)(C)CC(O)(Cc2ccc(C)c3ccccc23)C(F)(F)F
CHEMBL1254345,CC(C)(CC(O)(Cc1cc2ccncc2[nH]1)C(F)(F)F)c3cc(ccc3O)c4cncnc4
CHEMBL1254344,CC(C)(CC(O)(Cc1cc2ccncc2[nH]1)C(F)(F)F)c3cc(ccc3O)c4cccnc4
CHEMBL205926,CCCSCC1=CC(C)(C)Nc2ccc(cc12)c3ccccc3OC
CHEMBL3891049,CC#C[C@]1(O)CC[C@H]2[C@@H]3CCc4cc(ccc4[C@H]3[C@@H](O)C[C@]12C)C(=O)Nc5ccncc5C
CHEMBL47463,COc1cccc2OC(C3CCC=C3)c4c(ccc5NC(C)(C)C=C(C)c45)c12
CHEMBL1254265,CC(C)(CC(O)(Cc1cc2ccncc2[nH]1)C(F)(F)F)c3cc(ccc3O)c4ccccc4
CHEMBL134421,CC1=CC(C)(C)Nc2ccc3c4ccccc4O\C(=C/c5ccccc5)\c3c12
CHEMBL3261169,C[C@@H](COc1cccc2[nH]ccc12)NS(=O)(=O)c3c(C)cc(C)cc3C
CHEMBL394344,COc1ccccc1c2ccc3NC(C)(C)C=C(C(C)OC\C=C\c4ccccc4)c3c2
CHEMBL394345,COc1ccccc1c2ccc3NC(C)(C)C=C(C(C)OCCc4ccccc4)c3c2
CHEMBL394343,COc1ccccc1c2ccc3NC(C)(C)C=C(C(C)OCC=C(C)C)c3c2
CHEMBL1083149,Fc1ccc(cc1)n2ncc3cc(ccc23)c4ccc(cc4C(F)(F)F)S(=O)(=O)Nc5ccccc5
CHEMBL3093441,Nc1cc(Cl)cc(Cl)c1S(=O)(=O)NC(Cc2c[nH]c3ccccc23)C(F)(F)F
CHEMBL2181928,C[C@@H]1CN([C@@H](CO1)c2ccccc2)c3ccc4OCC(=O)Nc4n3
CHEMBL95644,COc1cccc2OC(c3cccc(c3)C(F)(F)F)c4c(ccc5NC(C)(C)C=C(C)c45)c12
CHEMBL1940547,C[C@]12C[C@H](O)[C@H]3[C@@H](CCC4=CC(=O)C=C[C@]34C)[C@@H]1CC[C@]2(O)C(=O)CSc5ccc6ccccc6n5
CHEMBL63768,COc1cccc2OC(c3ccccc3)c4c(Br)c(NS(=O)(=O)C)ccc4c12
CHEMBL551259,CSc1ccc(cc1)[C@H]2OC[C@@]3(C)[C@@H](CC[C@@]3(O)C(=C)C)[C@@H]4CCC5=CC(=O)CCC5=C24
CHEMBL1766,C[C@@H]1C[C@H]2[C@@H]3CCC4=CC(=O)C=C[C@]4(C)[C@@]3(F)[C@@H](O)C[C@]2(C)[C@H]1C(=O)CO
CHEMBL4068008,CCOc1nccc2NC(=C(C#N)[C@@H](c3ccc(cc3OC)C#N)c12)C
CHEMBL4077728,CC(=O)Nc1ccc(cc1)S(=O)(=O)N(Cc2ccccc2)c3ccc(Oc4ccccc4)cc3
CHEMBL3261408,C[C@@H](CNc1cccc2c1cnn2c3ccc(F)nc3)NS(=O)(=O)c4c(C)cc(C)cc4C
CHEMBL691,C[C@]12CC[C@H]3[C@@H](CCc4cc(O)ccc34)[C@@H]1CC[C@@]2(O)C#C
CHEMBL3093442,FC(F)(F)C(Cc1c[nH]c2ccccc12)NS(=O)(=O)c3c(Cl)cc(Cl)cc3Cl
CHEMBL564923,C[C@H]1C[C@@H]2[C@H]3CCC4=CC(=O)C=C[C@@]4(C)[C@]3(F)[C@H](O)C[C@@]2(C)[C@]1(O)C(=O)CSCCNC(=S)NCCNC(=O)c5cc(NC(=O)c6cc(NC(=O)c7cc(NC(=O)c8cc(NC(=O)CCCNC(=O)c9cc(NC(=O)c%10cc(NC(=O)c%11cc(NC(=O)c%12nccn%12C)cn%11C)cn%10C)cn9C)cn8C)cn7C)cn6C)cn5C
CHEMBL391076,COc1ccc(F)cc1C(C)(C)CC(O)(Cc2cccc(Cl)c2)C(F)(F)F
CHEMBL525923,CC(C)NC(=O)O[C@@]1([C@@H](C)C[C@H]2[C@@H]3CCC4=CC(=O)C=C[C@]4(C)[C@@]3(F)[C@@H](O)C[C@]12C)C(=O)CO
CHEMBL1940549,C[C@]12C[C@H](O)[C@H]3[C@@H](CCC4=CC(=O)C=C[C@]34C)[C@@H]1CC[C@]2(O)C(=O)CSc5ncc6ccccc6n5
CHEMBL302366,CC1(C)O[C@@H]2CC3C4C[C@H](F)C5=CC(=O)C=C[C@]5(C)[C@@]4(F)[C@@H](O)C[C@]3(C)[C@@]2(O1)C(=O)CSC6CCOC6=O
CHEMBL302362,CC1=CC(C)(C)Nc2ccc3c4ccccc4O\C(=C/c5ccccc5C)\c3c12
CHEMBL393392,COc1ccc(F)cc1C(C)(C)CC(O)(Cc2cc(C)cc(C)c2)C(F)(F)F
CHEMBL1257221,COc1ccc(F)cc1C(C)(C)CC(O)(CNc2ccc3C(=O)ON=C(C)c3c2)C(F)(F)F
CHEMBL292970,CCOc1ccc(CC2Oc3cccc(OC)c3c4ccc(NS(=O)(=O)C)cc24)cc1
CHEMBL228274,COc1cc(ccc1O)[C@@H]2[C@@H](C)[C@H](C)[C@H]2c3ccc(O)c(OC)c3
CHEMBL373841,COc1cc(OC)c([C@H]2C[C@@]3(C)[C@@H](CC[C@@]3(O)C#CC)[C@@H]4CCC5=CC(=O)CCC5=C24)c(OC)c1
CHEMBL3261409,C[C@@H](CNc1cccc2c1cnn2c3cccc(C)c3)NS(=O)(=O)c4c(C)cc(C)cc4C
CHEMBL203151,COc1ccc(F)cc1C(C)(C)C[C@@](O)(Cc2ccc(Cl)cc2)C(F)(F)F
CHEMBL3421885,CC[C@@]12C[C@@](C)(O)[C@@](O)(C[C@H]1CCc3cc(O)ccc23)\C=C\C
CHEMBL563595,CCN(CC(O)(CNc1cccc2c1cnn2c3ccccc3)C(F)(F)F)C(=O)c4ccccc4
CHEMBL393551,CC1(CC(O)(CNc2cccc3ncccc23)C(F)(F)F)CCCc4ccccc14
CHEMBL384444,CC#C[C@]1(O)CC[C@H]2[C@@H]3CCC4=CC(=O)CCC4=C3[C@H](C[C@]12C)c5ccc(cc5)c6ccc(OCCO[C@H]7CC[C@@]8(C)[C@@H](C7)C[C@@H](O)[C@H]9[C@@H]%10CC[C@H]([C@H](C)CCC(=O)O)[C@@]%10(C)[C@@H](O)C[C@H]89)cc6
CHEMBL1760023,CO\N=C\1/C(O)C(C)(C)Nc2cc(F)c(c(F)c12)c3cccc4c(C)c[nH]c34
CHEMBL3126950,Cc1ccc(F)cc1C(C)(C)CC(O)(Cc2cc3nnccc3[nH]2)C(F)(F)F
CHEMBL99046,COc1cccc2OC(c3ccccc3)c4c(ccc5NC(C)(C)C=C(C)c45)c12
CHEMBL294800,COc1cccc2OC(c3cccc(C)c3)c4cc(NS(=O)(=O)C)ccc4c12
CHEMBL182883,CC#C[C@]1(O)CC[C@H]2[C@@H]3CCC4=CC(=O)CCC4=C3[C@H](C[C@]12C)c5ccc(cc5)N(C)C[C@@H](O)C[C@@H](O)CC(=O)O
CHEMBL1094536,Cl.OC(c1ccc(F)c(c1)C#N)(c2ccc3c(cnn3c4ccc(F)cc4)c2)C(F)(F)F
CHEMBL395506,COc1ccc(F)cc1c2ccc3NC(C)(C)C=C(C(C)OCC=C)c3c2
CHEMBL65444,CCS(=O)(=O)Nc1ccc2c(c1)C(Oc3cccc(OC)c23)c4ccccc4
CHEMBL537949,C[C@@H]1C[C@H]2[C@@H]3CCC4=CC(=O)C=C[C@]4(C)[C@@]3(F)[C@@H](O)C[C@]2(C)[C@@]1(O)C(=O)CSCCNC(=S)NCCCN(C)CCCNC(=O)CCNC(=O)c5cc(NC(=O)c6cc(NC(=O)c7nccn7C)cn6C)cn5C
CHEMBL3421886,CC[C@@]12C[C@@](C)(O)[C@@](O)(C[C@H]1CCc3cc(O)ccc23)C#CC
CHEMBL1083783,Fc1ccc(cc1)n2ncc3cc(ccc23)c4ccc(NS(=O)(=O)c5ccccc5)cc4C(F)(F)F
CHEMBL3582109,Cc1onc(C)c1c2ccc3NC(C)(C)C(=O)C(C)(C)c3c2
CHEMBL413309,CC1=CC(C)(C)Nc2ccc3c4cccc(F)c4O\C(=C/c5ccccc5)\c3c12
CHEMBL1201139,CC(=O)O[C@@]1(CC[C@H]2[C@@H]3C=C(C)C4=CC(=O)CC[C@]4(C)[C@H]3CC[C@]12C)C(=O)C
CHEMBL3261411,C[C@@H](CNc1cccc2c1cnn2c3cncnc3)NS(=O)(=O)c4c(C)cc(C)cc4C
CHEMBL397920,CO\N=C(/C)\c1ccsc1\C=C\2/Oc3ccc(O)c(OC)c3c4ccc5NC(C)(C)C=C(C)c5c24
CHEMBL498651,C[C@H]1C[C@H]2[C@@H]3CCC4=CC(=O)C=C[C@]4(C)[C@@]3(F)[C@@H](O)C[C@]2(C)[C@@]1(OC(=O)NCC=C)C(=O)CO
CHEMBL1682438,C[C@@H]1[C@@H](O)C(C)(C)Nc2c(F)c(F)c(c(F)c12)c3cccc4cc[nH]c34
CHEMBL537887,Cl.COc1ccc(F)cc1c2ccc3NC(C)(C)C=C(C(C)OCC=C)c3c2
CHEMBL559115,CCN(CC(O)(CNc1cccc2c1cnn2c3ccccc3)C(F)(F)F)C(=O)c4ccccc4F
CHEMBL1917413,Cc1nc(SCC(=O)[C@]2(CC[C@H]3[C@@H]4CCC5=CC(=O)CC[C@]5(C)[C@H]4[C@@H](O)C[C@]23C)OC(=O)c6occc6)sc1C
CHEMBL336736,CC1=CC(C)(C)Nc2ccc3c4cc(F)ccc4O\C(=C/c5ccccc5C)\c3c12
CHEMBL1393,CC(=O)S[C@@H]1CC2=CC(=O)CC[C@]2(C)[C@H]3CC[C@@]4(C)[C@@H](CC[C@@]45CCC(=O)O5)[C@H]13
CHEMBL49873,COc1cccc2O[C@H]([C@@H]3CCCC(=C3)C)c4c(ccc5NC(C)(C)C=C(C)c45)c12
CHEMBL49694,COc1cccc2OC(CC=C3CCCC3)c4c(ccc5NC(C)(C)C=C(C)c45)c12
CHEMBL3261412,C[C@@H](CNc1cccc2c1cnn2c3cccnc3)NS(=O)(=O)c4c(C)cc(C)cc4C
CHEMBL1940696,C[C@@H]1C[C@H]2[C@@H]3CCC4=CC(=O)C=C[C@]4(C)[C@H]3[C@@H](O)C[C@]2(C)[C@@]1(O)C(=O)CSc5nc6ccccc6[nH]5
CHEMBL556231,CCN(CC(O)(CNc1cccc2c1cnn2c3ccc(F)cc3)C(F)(F)F)C(=O)c4c(F)cccc4F
CHEMBL3421881,CC[C@]1(O)C[C@H]2CCc3cc(O)ccc3[C@]2(CC)C[C@@]1(C)O
CHEMBL3358922,Cc1ccc(F)cc1C(C)(C)CC(O)(Cc2cc3c(C)cncc3[nH]2)C(F)(F)F
CHEMBL3261428,C[C@@H](CNc1cccc2c1cnn2c3cncnc3)NS(=O)(=O)c4c(C)nn(C5CCCC5)c4C
CHEMBL1940692,C[C@@H]1C[C@H]2[C@@H]3CCC4=CC(=O)C=C[C@]4(C)[C@H]3[C@@H](O)C[C@]2(C)[C@@]1(O)C(=O)CSc5cnc6ccccc6n5
CHEMBL3358926,Cc1ccc(F)cc1C(C)(C)CC(O)(Cc2cc3cc(N)ncc3[nH]2)C(F)(F)F
CHEMBL3358927,CN(C)c1cc2cc(CC(O)(CC(C)(C)c3cc(F)ccc3C)C(F)(F)F)[nH]c2cn1
CHEMBL3358924,COc1ccc(F)cc1C(C)(C)CC(O)(Cc2cc3cc(C)nc(C)c3[nH]2)C(F)(F)F
CHEMBL391917,COc1ccc(F)cc1C(C)(C)CC(O)(Cc2ccc(C=O)cc2)C(F)(F)F
CHEMBL32812,CC1=CC(C)(C)Nc2ccc3c4ccccc4O\C(=C/c5cccc(F)c5)\c3c12
CHEMBL268220,C[C@H](CCC(=O)O)[C@H]1CC[C@H]2[C@@H]3[C@H](O)C[C@@H]4C[C@H](CC[C@]4(C)[C@H]3C[C@H](O)[C@]12C)OCCNC(=O)CCCc5ccc(Oc6ccc(CN(Cc7ccccc7)c8cccc(NS(=O)(=O)C)c8C)cc6)cc5
CHEMBL3358928,CC(C)Oc1cc2cc(CC(O)(CC(C)(C)c3cc(F)ccc3C)C(F)(F)F)[nH]c2cn1
CHEMBL3358929,Cc1ccc(F)cc1C(C)(C)CC(O)(Cc2cc3cc(ncc3[nH]2)N4CCOCC4)C(F)(F)F
CHEMBL1940694,C[C@@H]1C[C@H]2[C@@H]3CCC4=CC(=O)C=C[C@]4(C)[C@H]3[C@@H](O)C[C@]2(C)[C@@]1(O)C(=O)CSc5cccc(C)n5
CHEMBL3421880,CC[C@@]12C[C@@](C)(O)[C@@](C)(O)C[C@H]1CCc3cc(O)ccc23
CHEMBL63239,CS(=O)(=O)Nc1ccc2c(c1)C(Oc3cccc(CO)c23)c4ccccc4
CHEMBL232219,CN(C)c1ccc(cc1)[C@H]2C[C@@]3(C)[C@@H](CC[C@@]3(O)C#Cc4ccc(F)cc4)[C@@H]5OCC6=CC(=O)CCC6=C25
CHEMBL245191,CCC(Cc1c[nH]c2ccccc12)NS(=O)(=O)c3c(Cl)cc(Cl)cc3Cl
CHEMBL3927163,FC(F)(F)c1cccc(c1)S(=O)(=O)Nc2ccc(Oc3ccccc3)cc2
CHEMBL3261418,COc1cccc(c1)n2ncc3c(NC[C@H](C)NS(=O)(=O)c4c(C)cc(C)cc4C)cccc23
CHEMBL228932,COc1ccccc1c2ccc3NC(C)(C)C=C(C(C)OCCCc4ccccc4)c3c2
CHEMBL233038,CC(Cc1c[nH]c2ccccc12)NS(=O)(=O)c3ccc(cc3)C(C)(C)C
CHEMBL3932081,C[C@H](NS(=O)(=O)C(C)C)[C@H](Oc1ccc2c(cnn2c3ccc(F)cc3)c1)c4ccccc4
CHEMBL4075837,Nc1ccc(cc1)S(=O)(=O)N(Cc2ccccc2)c3ccc(Oc4ccccc4)cc3
CHEMBL231514,CN(C)c1ccc(cc1)[C@H]2C[C@@]3(C)[C@@H](CC[C@@]3(O)C#CC(C)(C)O)[C@@H]4OCC5=CC(=O)CCC5=C24
CHEMBL3892759,CCc1ccc(cc1)[C@@H](Oc2ccc3c(cnn3c4ccc(F)cc4)c2)[C@H](C)NC(=O)CO
CHEMBL395051,COc1ccccc1c2ccc3NC(C)(C)C=C(C(C)OCCC4CCCCC4)c3c2
CHEMBL390634,CC(Cc1c[nH]c2ccccc12)NS(=O)(=O)c3cc(C)c(Cl)cc3C
CHEMBL1201146,CC(=O)O[C@]1(CC[C@H]2[C@@H]3CCC4=CC(=O)CC[C@@H]4[C@H]3CC[C@]12C)C#C
CHEMBL183755,Cc1c(NS(=O)(=O)C)cccc1N(Cc2ccccc2)Cc3ccc(Oc4cccc(CCCC(=O)O)c4)cc3
CHEMBL1082780,Fc1ccc(cc1)n2ncc3cc(ccc23)c4ccc(NS(=O)(=O)c5ccsc5)cc4C(F)(F)F
CHEMBL4085241,CC1(C)C[C@@](O)([C@@H](Nc2cccc3C(=O)NC=Cc23)c4ccc(F)c(O)c14)C(F)(F)F
CHEMBL242675,COc1ccc(F)cc1c2ccc3NC(C)(C)C=C(C(C)OCCc4ccccc4)c3c2
CHEMBL194812,COc1ccc(F)cc1C(C)(C)CC(O)(C(=O)Nc2ccc3C(=O)OCc3c2)C(F)(F)F
CHEMBL3966490,CC#C[C@]1(O)CC[C@H]2[C@@H]3CCc4cc(ccc4[C@H]3[C@H](C[C@]12C)OCc5ccccc5)C(=O)Nc6cccnc6C
CHEMBL155725,CC1(C)O[C@@H]2CC3C4C[C@H](F)C5=CC(=O)C=C[C@]5(C)[C@@]4(F)[C@@H](O)C[C@]3(C)[C@@]2(O1)SC(CCO)C(=O)O
CHEMBL1682426,C[C@@H]1[C@@H](O)C(C)(C)Nc2c(C)cc(c(\C=N\OCc3ccccc3)c12)c4cccc5cc[nH]c45
CHEMBL1668063,CCN(C[C@](O)(CNc1cccc2c1cnn2c3ccc(F)cc3)C(F)(F)F)C(=O)c4c(Cl)cccc4Cl
CHEMBL3578295,C[C@@H](N1C(=O)O[C@@](Cc2ccccc2)(C1=O)c3nc4c(NS(=O)(=O)C)cccc4[nH]3)c5ccc(F)cc5
CHEMBL3358940,CC(C)(CC(O)(Cc1cc2cc(ncc2[nH]1)N3CCOCC3)C(F)(F)F)c4cccc(c4)S(=O)(=O)C
CHEMBL525442,C[C@H]1C[C@H]2[C@@H]3CCC4=CC(=O)C=C[C@]4(C)[C@@]3(F)[C@@H](O)C[C@]2(C)[C@@]1(OC(=O)NC5CCCC5)C(=O)CO
CHEMBL99123,COc1cccc2OC(c3cc(F)cc(F)c3)c4c(ccc5NC(C)(C)C=C(C)c45)c12
CHEMBL1940546,Cn1c(SCC(=O)[C@@]2(O)CC[C@H]3[C@@H]4CCC5=CC(=O)C=C[C@]5(C)[C@H]4[C@@H](O)C[C@]23C)nc6ccccc16
CHEMBL3914142,C[C@H](NS(=O)(=O)C1CC1)[C@H](Oc2ccc3c(cnn3c4ccc(F)cc4)c2)c5ccccc5
CHEMBL237385,COc1ccc(F)cc1C(C)(C)CC(O)(Cc2ccccc2F)C(F)(F)F
CHEMBL3911831,CSc1ccc(cc1)[C@@H](Oc2ccc3c(cnn3c4ccc(F)cc4)c2)[C@H](C)NC(=O)C(F)(F)F
CHEMBL1668065,C[C@H](CNS(=O)(=O)c1c(C)cc(C)cc1C)Nc2cc(C)cc3c2cnn3c4ccc(F)cc4
CHEMBL62981,CC\C(=C\1/Oc2ccc(F)cc2c3ccc4NC(C)(C)C=C(C)c4c13)\C
CHEMBL1940548,Cc1ccnc(SCC(=O)[C@@]2(O)CC[C@H]3[C@@H]4CCC5=CC(=O)C=C[C@]5(C)[C@H]4[C@@H](O)C[C@]23C)n1
CHEMBL3937635,COc1ccc(cn1)[C@@H](Oc2ccc3c(cnn3c4ccc(F)cc4)c2)[C@H](C)NC(=O)C5CC5
CHEMBL1668064,C[C@@H](CNc1cc(C)cc2c1cnn2c3ccc(F)cc3)NS(=O)(=O)c4c(C)cc(C)cc4C
CHEMBL1682429,C[C@@H]1[C@@H](O)C(C)(C)Nc2c(C)cc(c3cccc4cc[nH]c34)c(C#N)c12
CHEMBL1258783,C[C@]12CC[C@H]3[C@@H](CCc4cc(O)ccc34)[C@@H]1CC[C@@]2(O)\C=C\CC(F)(C(F)(F)F)C(F)(F)F
CHEMBL3261413,C[C@@H](CNc1cccc2c1cnn2c3ccc(Cl)cc3)NS(=O)(=O)c4c(C)cc(C)cc4C
CHEMBL208840,CCC1(CC(O)(C(=O)Nc2ccc3C(=O)ON=C(C)c3c2)C(F)(F)F)CCCCc4ccccc14
CHEMBL3261415,C[C@@H](CNc1cccc2c1cnn2c3ccc(C)cc3)NS(=O)(=O)c4c(C)cc(C)cc4C
CHEMBL3261414,C[C@@H](CNc1cccc2c1cnn2c3ccc(F)c(C)c3)NS(=O)(=O)c4c(C)cc(C)cc4C
CHEMBL3261417,C[C@@H](CNc1cccc2c1cnn2c3cccc(F)c3)NS(=O)(=O)c4c(C)cc(C)cc4C
CHEMBL3261419,COc1ccc(cc1)n2ncc3c(NC[C@H](C)NS(=O)(=O)c4c(C)cc(C)cc4C)cccc23
CHEMBL1682420,C[C@@H]1[C@@H](O)C(C)(C)Nc2c(C)cc(c(C)c12)c3cccc4cc[nH]c34
CHEMBL1682423,CO\N=C\c1c(cc(C)c2NC(C)(C)[C@H](O)[C@@H](C)c12)c3cccc4cc[nH]c34
CHEMBL3261427,C[C@@H](CNc1cccc2c1cnn2c3ccc(cc3)C#N)NS(=O)(=O)c4c(C)nn(C5CCCC5)c4C
CHEMBL563544,CN(C)c1ccc(cc1)[C@H]2OC[C@@]3(C)[C@@H](CC[C@@]3(O)C(F)(F)C(F)(F)F)[C@@H]4CCC5=CC(=O)CCC5=C24
CHEMBL1682424,CCO\N=C\c1c(cc(C)c2NC(C)(C)[C@H](O)[C@@H](C)c12)c3cccc4cc[nH]c34
CHEMBL66582,COc1cccc2OC(c3cccc(Oc4ccccc4)c3)c5cc(NS(=O)(=O)C)ccc5c12
CHEMBL3233282,Cc1ccc(F)cc1C(C)(C)C[C@](O)(Cc2cc3cnccc3[nH]2)C(C)(C)C
CHEMBL63431,COc1ccccc1C2Oc3cccc(OC)c3c4ccc(NS(=O)(=O)C)cc24
CHEMBL4098118,C[C@@H]1C[C@@](O)([C@@H](Nc2cccc3nc(C)ccc23)c4ccc(F)c(O)c14)C(F)(F)F
CHEMBL302147,COc1cccc2OC(c3ccccc3)c4cc(NC(=O)c5ccccc5)ccc4c12
CHEMBL1254907,COc1ccc(F)cc1C(C)(C)CC(O)(Cc2cc3ccncc3s2)C(F)(F)F
CHEMBL47742,COc1cccc2OC(C\C=C\C)c3c(ccc4NC(C)(C)C=C(C)c34)c12
CHEMBL401219,COc1ccc(F)cc1C(C)(C)CC(O)(Cc2cccc(c2)C#N)C(F)(F)F
CHEMBL4074521,C[C@H](NC(=O)C(C)(F)F)[C@@H](Oc1ccc2c(cnn2c3cccc(c3)C(=O)N[C@H]4CCOC4)c1)c5ccc6OCCOc6c5
CHEMBL336169,CC1=CC(C)(C)Nc2ccc3c4cc(F)ccc4O\C(=C/c5occc5)\c3c12
CHEMBL186893,CC12CCC(=O)C=C1CCCC2C(O)c3ccccc3
CHEMBL551944,C[C@H]1C[C@@H]2[C@H]3CCC4=CC(=O)C=C[C@@]4(C)[C@]3(F)[C@H](O)C[C@@]2(C)[C@]1(O)C(=O)CSCCNC(=S)NCCNC(=O)c5cc(NC(=O)c6cc(NC(=O)c7cc(NC(=O)c8cc(NC(=O)CCCNC(=O)c9cc(NC(=O)c%10nccn%10C)cn9C)cn8C)cn7C)cn6C)cn5C
CHEMBL390700,CN(C)c1ccc(cc1)[C@H]2C[C@@]3(C)[C@@H](CC[C@@]3(O)C#Cc4ccc(Br)cc4)[C@@H]5OCC6=CC(=O)CCC6=C25
CHEMBL3940724,C[C@H](NC(=O)c1noc(C)n1)[C@H](Oc2ccc3c(cnn3c4ccc(F)cc4)c2)c5ccccc5
CHEMBL400582,CC(=O)c1ccc(cc1)[C@H]2C[C@@]3(C)[C@@H](CC[C@]34N=C(C)OC4=C)[C@@H]5CCC6=CC(=O)CCC6=C25
CHEMBL1917251,C[C@]12CCC(=O)C=C1CC[C@H]3[C@@H]4CC[C@](OC(=O)c5occc5)(C(=O)CSc6cnc7ccccc7n6)[C@@]4(C)C[C@H](O)[C@H]23
CHEMBL1917250,C[C@]12CCC(=O)C=C1CC[C@H]3[C@@H]4CC[C@](OC(=O)c5occc5)(C(=O)CSc6ccc7ccccc7n6)[C@@]4(C)C[C@H](O)[C@H]23
CHEMBL1917253,C[C@]12CCC(=O)C=C1CC[C@H]3[C@@H]4CC[C@](OC(=O)c5occc5)(C(=O)CSc6oc7ccccc7n6)[C@@]4(C)C[C@H](O)[C@H]23
CHEMBL1917252,Cn1c(SCC(=O)[C@]2(CC[C@H]3[C@@H]4CCC5=CC(=O)CC[C@]5(C)[C@H]4[C@@H](O)C[C@]23C)OC(=O)c6occc6)nc7ccccc17
CHEMBL1917255,C[C@]12CCC(=O)C=C1CC[C@H]3[C@@H]4CC[C@](OC(=O)c5occc5)(C(=O)CSc6nc7ncccc7s6)[C@@]4(C)C[C@H](O)[C@H]23
CHEMBL1917254,C[C@]12CCC(=O)C=C1CC[C@H]3[C@@H]4CC[C@](OC(=O)c5occc5)(C(=O)CSc6nc7ccccc7s6)[C@@]4(C)C[C@H](O)[C@H]23
CHEMBL222900,COc1ccc(cc1C)[C@H]2C[C@@]3(C)[C@@H](CC[C@@]3(O)C#CC)[C@@H]4CCC5=CC(=O)CCC5=C24
CHEMBL1917256,C[C@]12CCC(=O)C=C1CC[C@H]3[C@@H]4CC[C@](OC(=O)c5occc5)(C(=O)CSc6ncccn6)[C@@]4(C)C[C@H](O)[C@H]23
CHEMBL717,C[C@H]1C[C@@H]2[C@H](CC[C@@]3(C)[C@H]2CC[C@]3(OC(=O)C)C(=O)C)[C@@]4(C)CCC(=O)C=C14
CHEMBL1917242,C[C@]12CCC(=O)C=C1CC[C@H]3[C@@H]4CC[C@](O)(C(=O)CSc5nc6ccccc6s5)[C@@]4(C)C[C@H](O)[C@H]23
CHEMBL1940688,C[C@@H]1C[C@H]2[C@@H]3CCC4=CC(=O)C=C[C@]4(C)[C@H]3[C@@H](O)C[C@]2(C)[C@@]1(O)C(=O)CSc5nc6ccccc6n5C
CHEMBL3957844,COc1ccc(cc1)S(=O)(=O)N(Cc2ccccc2)c3ccc(Oc4ccccc4)cc3
CHEMBL501474,C[C@H]1C[C@H]2[C@@H]3CCC4=CC(=O)C=C[C@]4(C)[C@@]3(F)[C@@H](O)C[C@]2(C)[C@@]1(OC(=O)NCCC(C)(C)C)C(=O)CO
CHEMBL559547,CCN(CC(O)(CNc1cccc2c1cnn2c3ccccc3)C(F)(F)F)S(=O)(=O)c4ccccc4
CHEMBL1086115,CCN(c1ccccc1)S(=O)(=O)c2ccc(c3ccc4c(cnn4c5ccc(F)cc5)c3)c(c2)C(F)(F)F
CHEMBL650,C[C@H]1C[C@H]2[C@@H]3CC[C@](O)(C(=O)CO)[C@@]3(C)C[C@H](O)[C@@H]2[C@@]4(C)C=CC(=O)C=C14
CHEMBL131681,CC1(C)Nc2ccc(cc2C(C)(C)C1=O)c3csc(c3)C#N
CHEMBL1254419,CC(C)(CC(O)(Cc1cc2ccncc2[nH]1)C(F)(F)F)c3cccc4CCOc34
CHEMBL1254820,COc1ccc(F)cc1C(C)(C)CC(O)(Cc2cc3ncccc3[nH]2)C(F)(F)F
CHEMBL559742,CN(CC(O)(CNc1cccc2c1cnn2c3ccccc3)C(F)(F)F)C(=O)c4ccccc4
CHEMBL63932,CCOC(=O)c1ccc(cc1)C2Oc3cccc(OC)c3c4ccc(NS(=O)(=O)C)cc24
CHEMBL1644755,Cc1cc(c(Cl)c2c1NC(C)(C)C(=O)C2(C)C)c3cccc4cc[nH]c34
CHEMBL1644754,CC1C(=O)C(C)(C)Nc2c(C)cc(c(Cl)c12)c3cccc4cc[nH]c34
CHEMBL1644757,CC(=CCC1(C)C(=O)C(C)(C)Nc2c(C)cc(c(Cl)c12)c3cccc4cc[nH]c34)C
CHEMBL428922,CC\C=C(/C)\c1ccsc1\C=C\2/Oc3ccc(O)c(OC)c3c4ccc5NC(C)(C)C=C(C)c5c24
CHEMBL1668083,CC(C)NC(=O)c1cccc(c1)n2ncc3c(NC[C@H](C)NS(=O)(=O)C)cc(C)cc23
CHEMBL1668081,C[C@@H](CNc1cc(C)cc2c1cnn2c3cccc(N[C@@H](C)C(=O)N)c3)NS(=O)(=O)c4c(C)cc(C)cc4C
CHEMBL1668080,C[C@@H](CNc1cc(C)cc2c1cnn2c3cccc(N[C@H](C)C(=O)N)c3)NS(=O)(=O)c4c(C)cc(C)cc4C
CHEMBL1644759,C[C@@H]1[C@@H](O)C(C)(C)Nc2c(C)cc(c(Cl)c12)c3cccc4cc[nH]c34
CHEMBL400628,COc1ccc(F)cc1C(C)(C)CC(O)(Cc2ccccc2)C(F)(F)F
CHEMBL1668085,CC(C)NC(=O)c1cccc(c1)n2ncc3c(NC[C@H](C)NS(=O)(=O)C(C)C)cc(C)cc23
CHEMBL1668084,CCCS(=O)(=O)N[C@@H](C)CNc1cc(C)cc2c1cnn2c3cccc(c3)C(=O)NC(C)C
CHEMBL500678,CCNC(=O)O[C@@]1([C@@H](C)C[C@H]2[C@@H]3CCC4=CC(=O)C=C[C@]4(C)[C@@]3(F)[C@@H](O)C[C@]12C)C(=O)CO
CHEMBL61,COc1cc(cc(OC)c1OC)[C@H]2[C@@H]3[C@H](COC3=O)[C@@H](O)c4cc5OCOc5cc24
CHEMBL232434,CN(C)c1ccc(cc1)[C@H]2C[C@@]3(C)[C@@H](CC[C@@]3(O)C#Cc4cccnc4)[C@@H]5OCC6=CC(=O)CCC6=C25
CHEMBL3897280,COc1cccc(c1)[C@@H](Oc2ccc3c(cnn3c4ccc(F)cc4)c2)[C@H](C)NS(=O)(=O)C5CC5
CHEMBL564310,COc1ccc(cc1)[C@H]2OC[C@@]3(C)[C@@H](CC[C@@]3(O)C#CC)[C@@H]4CCC5=CC(=O)CCC5=C24
CHEMBL216272,CC1=NOC(=O)c2ccc(NC(=O)C(O)(CC(C)(C)c3cccc4CCOc34)C(F)(F)F)cc12
CHEMBL364511,CC1(C)COC2(CCC3=Cc4c(C[C@]23C)cnn4c5ccc(F)cc5)OC1
CHEMBL63870,CC1=CC(C)(C)Nc2ccc3c(COc4ccc(Br)cc34)c12
CHEMBL3094469,CCC(Cc1ccccc1C)NS(=O)(=O)c2c(C)cc(C)cc2C
CHEMBL203339,COc1cccc(c1)c2ccc3NC(C)(C)C=C(CSCC=C)c3c2
CHEMBL1200845,CC1(C)O[C@@H]2C[C@H]3[C@@H]4CCC5=CC(=O)CC[C@]5(C)[C@@]4(F)[C@@H](O)C[C@]3(C)[C@@]2(O1)C(=O)CCl
CHEMBL1254174,COc1ccc(cc1C(C)(C)CC(O)(Cc2cc3ccncc3[nH]2)C(F)(F)F)c4cncnc4
CHEMBL1254079,Cc1ccc(F)cc1C(C)(C)CC(O)(Cc2cc3ccncc3[nH]2)C(F)(F)F
CHEMBL1650,CC(=O)OCC(=O)[C@@]1(O)CC[C@H]2[C@@H]3CCC4=CC(=O)CC[C@]4(C)[C@H]3C(=O)C[C@]12C
CHEMBL1254173,COc1ccc(cc1C(C)(C)CC(O)(Cc2cc3ccncc3[nH]2)C(F)(F)F)c4ccncc4
CHEMBL2024030,C[C@]12CCC(=O)C=C1CC[C@H]3[C@@H]4CC[C@](O)(C(=O)CSc5ccc(Cl)c(Cl)c5)[C@@]4(C)C[C@H](O)[C@H]23
CHEMBL62118,COc1cccc2OC(c3ccccc3)c4cc(NS(=O)(=O)N(C)C)ccc4c12
CHEMBL564700,CN(C)c1ccc(cc1)[C@H]2OC[C@@]3(C)[C@@H](CC[C@@]3(O)C#C)[C@@H]4CCC5=CC(=O)CCC5=C24
CHEMBL3582125,CC1(C)Nc2c3CCCc3c(cc2C(C)(C)C1=O)c4ccnc5ncccc45
CHEMBL3959591,C[C@H](NS(=O)(=O)C(F)(F)F)[C@H](Oc1ccc2c(cnn2c3ccc(F)cc3)c1)c4ccccc4
CHEMBL3582122,CC1(C)Nc2c3CCCc3c(cc2C(C)(C)C1=O)c4cccc5nncn45
CHEMBL499629,CCCCNC(=O)O[C@@]1([C@@H](C)C[C@H]2[C@@H]3CCC4=CC(=O)C=C[C@]4(C)[C@@]3(F)[C@@H](O)C[C@]12C)C(=O)CO
CHEMBL3582120,CC1(C)Nc2c3CCCc3c(cc2C(C)(C)C1=O)c4cccn5nccc45
CHEMBL231111,CN(C)c1ccc(cc1)[C@H]2C[C@@]3(C)[C@@H](CC[C@@]3(O)C#C)[C@@H]4OCC5=CC(=O)CCC5=C24
CHEMBL49386,COc1cccc2OC(C\C=C/C)c3c(ccc4NC(C)(C)C=C(C)c34)c12
CHEMBL1451,C[C@]12C[C@H](O)[C@@]3(F)[C@@H](CCC4=CC(=O)C=C[C@]34C)[C@@H]1C[C@@H](O)[C@]2(O)C(=O)CO
CHEMBL540184,C[C@H]1C[C@@H]2[C@H]3CCC4=CC(=O)C=C[C@@]4(C)[C@]3(F)[C@H](O)C[C@@]2(C)[C@]1(O)C(=O)CSCCNC(=S)NCCNC(=O)c5cc(NC(=O)c6cc(NC(=O)c7cc(NC(=O)c8cc(NC(=O)CCCNC(=O)c9nccn9C)cn8C)cn7C)cn6C)cn5C
CHEMBL429466,COc1c(O)ccc2O\C(=C/c3sccc3CNCC(F)(F)F)\c4c(ccc5NC(C)(C)C=C(C)c45)c12
CHEMBL1911644,COc1ccc(F)cc1C(C)(C)CC(O)(Cc2cc3c(cccc3[nH]2)C#N)C(F)(F)F
CHEMBL1911645,CCc1cccc2[nH]c(CC(O)(CC(C)(C)c3cc(F)ccc3OC)C(F)(F)F)cc12
CHEMBL1911646,COc1ccc(F)cc1C(C)(C)CC(O)(Cc2cc3cc(F)ccc3[nH]2)C(F)(F)F
CHEMBL1911647,COc1ccc(F)cc1C(C)(C)CC(O)(Cc2cc3cc(C)ccc3[nH]2)C(F)(F)F
CHEMBL1911648,COc1ccc(F)cc1C(C)(C)CC(O)(Cc2cc3cc(ccc3[nH]2)C(F)(F)F)C(F)(F)F
CHEMBL1911649,COc1ccc(F)cc1C(C)(C)CC(O)(Cc2cc3cc(ccc3[nH]2)C#N)C(F)(F)F
CHEMBL132889,Cc1cc(C#N)sc1c2ccc3NC(C)(C)C(=O)C(C)(C)c3c2
CHEMBL3421888,CC[C@@]12C[C@@](C)(O)[C@@](O)(C[C@H]1CC(O)c3cc(O)ccc23)c4ccccc4
CHEMBL3935790,COc1ccc(cc1)[C@@H](Oc2ccc3c(cnn3c4ccc(F)cc4)c2)[C@H](C)NC(=O)C(C)(C)C
CHEMBL250220,CCC1=N[C@]2(CC[C@H]3[C@@H]4CCC5=CC(=O)CCC5=C4[C@H](C[C@]23C)c6ccc(cc6)C(=O)C)C(=C)O1
CHEMBL250221,CC(=O)c1ccc(cc1)[C@H]2C[C@@]3(C)[C@@H](CC[C@]34N=COC4=C)[C@@H]5CCC6=CC(=O)CCC6=C25
CHEMBL65657,COc1cccc2OC(c3ccc(F)cc3)c4cc(NS(=O)(=O)C)ccc4c12
CHEMBL3605926,COc1cc(F)ccc1c2c(CN(C)Cc3ccccc3)[nH]c4c(NS(=O)(=O)C)cc(cc24)C(C)(C)C
CHEMBL552770,C[C@@H]1C[C@H]2[C@@H]3CCC4=CC(=O)C=C[C@]4(C)[C@@]3(F)[C@@H](O)C[C@]2(C)[C@@]1(O)C(=O)CSCCNC(=S)NCCCN(C)CCCNC(=O)C
CHEMBL131855,CC1=CC(C)(C)Nc2ccc(cc12)c3sc(cc3C)C#N
CHEMBL1682441,C[C@@H]1[C@@H](O)C(C)(C)Nc2cc(F)c(c(F)c12)c3cccc4cc[nH]c34
CHEMBL3358947,CC(C)(CC(O)(Cc1cc2cc(ncc2[nH]1)S(=O)(=O)C)C(F)(F)F)c3ccc(Cl)cc3C(=O)N
CHEMBL49632,COc1cccc2OC(CC3=CCCCC3)c4c(ccc5NC(C)(C)C=C(C)c45)c12
CHEMBL3933702,CC#C[C@]1(O)CC[C@H]2[C@@H]3CCc4cc(ccc4[C@H]3[C@H](C[C@]12C)OCc5ccc(Cl)cc5)C(=O)Nc6cccnc6C
CHEMBL231807,CC(Cc1c[nH]c2ccccc12)NS(=O)(=O)c3ccc(cc3)c4ccccc4
CHEMBL65497,COc1cccc2OC(c3cccc(O)c3)c4cc(NS(=O)(=O)C)ccc4c12
CHEMBL231803,CC(Cc1c[nH]c2ccccc12)NS(=O)(=O)c3ccc(cc3)C(C)C
CHEMBL231802,CCCc1ccc(cc1)S(=O)(=O)NC(C)Cc2c[nH]c3ccccc23
CHEMBL193760,CCC[C@H]1OC2(CCCC3=Cc4c(C[C@]23C)cnn4c5ccc(F)cc5)O[C@@H]1CCC
CHEMBL561460,CN(C)c1ccc(cc1)[C@H]2OC[C@@]3(C)[C@@H](CC[C@@]3(O)C(=C)C)[C@@H]4CCC5=CC(=O)CCC5=C24
CHEMBL1276308,CC#C[C@]1(O)CC[C@H]2[C@@H]3CCC4=CC(=O)CCC4=C3[C@H](C[C@]12C)c5ccc(cc5)N(C)C
CHEMBL231414,CN(C)c1ccc(cc1)[C@H]2C[C@@]3(C)[C@@H](CC[C@@]3(O)C#CC(C)(C)C)[C@@H]4OCC5=CC(=O)CCC5=C24
CHEMBL3093458,Cc1cc(C)c(c(C)c1)S(=O)(=O)NC(CNc2ccccc2)C(F)(F)F
CHEMBL131,C[C@]12C[C@H](O)[C@H]3[C@@H](CCC4=CC(=O)C=C[C@]34C)[C@@H]1CC[C@]2(O)C(=O)CO
CHEMBL3093456,Cc1cc(C)c(c(C)c1)S(=O)(=O)NC(Cn2cc(C#N)c3ccccc23)C(F)(F)F
CHEMBL3093457,Cc1cc(C)c(c(C)c1)S(=O)(=O)NC(Cn2ccc3c(cccc23)C#N)C(F)(F)F
CHEMBL3093454,Cc1cc(C)c(c(C)c1)S(=O)(=O)NC(Cn2ccc3ccccc23)C(F)(F)F
CHEMBL3093455,Cc1cc(C)c(c(C)c1)S(=O)(=O)NC(Cn2ccc3ncccc23)C(F)(F)F
CHEMBL242812,CC(Cc1c[nH]c2ccccc12)NS(=O)(=O)c3c(cc(cc3C(C)C)C(C)C)C(C)C
CHEMBL3138365,C[C@@H](CCC(=O)O)[C@@H]1CC[C@H]2[C@@H]3[C@@H](O)C[C@H]4C[C@@H](CC[C@@]4(C)[C@H]3C[C@@H](O)[C@@]12C)OCCNC(=O)CCCc5cccc(Oc6ccc(CN(Cc7ccccc7)c8cccc(NS(=O)(=O)C)c8C)cc6)c5
CHEMBL3093450,Cc1cc(C)c(c(C)c1)S(=O)(=O)NC(Cc2c[nH]c3ccc(cc23)C#N)C(F)(F)F
CHEMBL3093451,Cc1cc(C)c(c(C)c1)S(=O)(=O)NC(Cc2c[nH]c3cc(ccc23)C#N)C(F)(F)F
CHEMBL371376,C[C@]12Cc3cnn(c3C=C1CCC[C@@H]2[C@@H](O)c4cocc4)c5ccc(F)cc5
CHEMBL1084014,Fc1ccc(cc1)n2ncc3cc(ccc23)c4ccc(NS(=O)(=O)c5cccc(c5)C(F)(F)F)cc4C(F)(F)F
CHEMBL303813,CS(=O)(=O)Nc1ccc2c(c1)C(Oc3cccc(O)c23)c4ccccc4
CHEMBL196374,CC1=NOC(=O)c2ccc(NC(=O)C(O)(CC(C)(C)c3cc(F)ccc3O)C(F)(F)F)cc12
CHEMBL196373,CC(C)C(O)(CC(C)(C)c1ccccc1)C(=O)Nc2ccc3C(=O)OCc3c2
CHEMBL3666805,C[C@H](NC(=O)C(C)(F)F)[C@H](Oc1ccc2c(cnn2c3cccc(c3)C(=O)N[C@@H]4CCS(=O)(=O)C4)c1)c5ccc6OCCOc6c5
CHEMBL1084013,COc1cccc(c1)S(=O)(=O)Nc2ccc(c3ccc4c(cnn4c5ccc(F)cc5)c3)c(c2)C(F)(F)F
CHEMBL375927,COc1cc(C[C@@H](C)[C@H](C)Cc2ccc(O)c(OC)c2)ccc1O
CHEMBL1095542,OC(c1ccc(F)cc1)c2ccc3c(cnn3c4ccc(F)cc4)c2
CHEMBL1668079,C[C@@H](CNc1cc(C)cc2c1cnn2c3cccc(NCC(=O)N)c3)NS(=O)(=O)c4c(C)cc(C)cc4C
CHEMBL4097564,Cc1ccc(cc1)S(=O)(=O)N(Cc2ccccc2)c3ccc(Oc4ccccc4)cc3
CHEMBL1668072,CC(C)Nc1ccc(cc1)n2ncc3c(NC[C@H](C)NS(=O)(=O)c4c(C)cc(C)cc4C)cc(C)cc23
CHEMBL65570,COc1cccc2OC(c3ccccc3)c4cc(NS(=O)(=O)c5cccs5)ccc4c12
CHEMBL1668070,COc1cccc(c1)n2ncc3c(NC[C@H](C)NS(=O)(=O)c4c(C)cc(C)cc4C)cc(C)cc23
CHEMBL232828,CN(C)c1ccc(cc1)[C@H]2C[C@@]3(C)[C@@H](CC[C@@]3(O)C#Cc4ccncc4)[C@@H]5OCC6=CC(=O)CCC6=C25
CHEMBL391942,CCC1(CC(O)(Cc2[nH]c3ccccc3c2C#N)C(F)(F)F)CCCc4ccccc14
CHEMBL1668073,C[C@@H](CNc1cc(C)cc2c1cnn2c3ccc(NC4CC4)cc3)NS(=O)(=O)c5c(C)cc(C)cc5C
CHEMBL3261426,C[C@@H](CNc1cccc2c1cnn2c3ccc(OC(F)(F)F)cc3)NS(=O)(=O)c4c(C)nn(C5CCCC5)c4C
CHEMBL236229,CCC1(CC(O)(CNc2cccc3cnccc23)C(F)(F)F)CCCc4ccccc14
CHEMBL3358923,Cc1cc2cc(CC(O)(CC(C)(C)c3cc(F)ccc3C)C(F)(F)F)[nH]c2cn1
CHEMBL386630,C[C@]12CC[C@H]3[C@@H](CCC4=CC(=O)CC[C@]34C)[C@@H]1CC[C@@H]2O
CHEMBL233450,CC(Cc1c[nH]c2ccccc12)NS(=O)(=O)c3ccc(Cl)c(Cl)c3
CHEMBL79335,C[C@]12Cc3cnn(c3C=C1CCC[C@@H]2[C@@H](O)CCC=C)c4ccc(F)cc4
CHEMBL415524,CCc1ccccc1\C=C\2/Oc3ccc(F)cc3c4ccc5NC(C)(C)C=C(C)c5c24
CHEMBL429618,CN(C)c1ccc(cc1)[C@H]2C[C@@]3(C)[C@@H](CC[C@@]3(O)C#Cc4ccccn4)[C@@H]5OCC6=CC(=O)CCC6=C25
CHEMBL3094479,CCC(Cc1cccc2ccccc12)NS(=O)(=O)c3c(C)cc(C)cc3C
CHEMBL3093452,Cc1cc(C)c(c(C)c1)S(=O)(=O)NC(Cc2c[nH]c3c(cccc23)C#N)C(F)(F)F
CHEMBL27769,C[C@]12CC[C@H]3[C@@H](CC[C@H]4CC(=O)CC[C@]34C)[C@@H]1CC[C@@H]2O
CHEMBL426262,CC12CCC(=O)C=C1CCCC2C(O)c3csc4ccccc34
CHEMBL1668076,C[C@@H](CNc1cc(C)cc2c1cnn2c3ccc(N[C@@H](C)C(=O)N)cc3)NS(=O)(=O)c4c(C)cc(C)cc4C
CHEMBL3358953,CCS(=O)(=O)c1cc2cc(C[C@](O)(CC(C)(C)c3ccccc3C(=O)N)C(F)(F)F)[nH]c2cn1
CHEMBL3623004,C[C@@H]1Cc2c([nH]c3ccccc23)[C@H](N1CC(C)(C)F)c4c(F)cc(\C=C\C(=O)O)cc4F
CHEMBL2112310,CC[C@@H]1CNc2cc3OC(=O)C=C(c3cc2[C@H]1CC)C(F)(F)F
CHEMBL2112312,CC[C@H]1[C@H](C)CNc2cc3OC(=O)C=C(c3cc12)C(F)(F)F
CHEMBL3605930,COc1ccc(Cl)cc1c2c[nH]c3c(NS(=O)(=O)C)cccc23
CHEMBL243869,CC(Cc1c[nH]c2cc(C)ccc12)NS(=O)(=O)c3c(C)cc(C)cc3C
CHEMBL137103,CC1=CC(C)(C)Nc2ccc3c4ccccc4O\C(=C/c5cc(F)ccc5F)\c3c12
CHEMBL1086116,CCCN(c1ccccc1)S(=O)(=O)c2ccc(c3ccc4c(cnn4c5ccc(F)cc5)c3)c(c2)C(F)(F)F
CHEMBL3261166,C[C@@H](COc1c(C)cccc1C)NS(=O)(=O)c2c(C)cc(C)cc2C
CHEMBL3093453,Cc1cc(C)c(c(C)c1)S(=O)(=O)NC(Cc2c[nH]c3c(cc(C)cc23)C#N)C(F)(F)F
CHEMBL1162,C[C@]12CC[C@H]3[C@@H](CCC4=CC(=O)CC[C@H]34)[C@@H]1CC[C@@]2(O)C#C
CHEMBL197101,COc1ccc(F)cc1C(C)(C)CC(O)(Cc2ccccc2)C(=O)Nc3ccc4C(=O)OCc4c3
CHEMBL197100,COc1ccc(F)cc1C(C)(C)CC(O)(CNc2ccc3C(=O)OCc3c2)Cc4ccccc4
CHEMBL3934504,C[C@H](NC(=O)C)[C@H](Oc1ccc2c(cnn2c3ccc(F)cc3)c1)c4ccccc4
CHEMBL515671,CC[C@@]12C[C@H](O)[C@@](O)(C[C@H]1CCc3cc(OCc4cccnc4C)ccc23)C#CC
CHEMBL3358921,Cc1ccc(F)cc1C(C)(C)CC(O)(Cc2[nH]c3cnccc3c2C)C(F)(F)F
CHEMBL236754,COc1ccc(F)cc1C(C)(C)CC(O)(Cc2c(C)ccc3ccccc23)C(F)(F)F
CHEMBL236755,COc1ccc(F)cc1C(C)(C)CC(O)(Cc2cc(C)c(C#N)c(C)c2)C(F)(F)F
CHEMBL382102,C[C@]12Cc3cnn(c3C=C1CCCC24O[C@H](C=C)[C@H](O4)C=C)c5ccc(F)cc5
CHEMBL3973775,C[C@H](NC(=O)C(F)(F)F)[C@H](Oc1ccc2c(cnn2c3ccc(F)cc3)c1)c4cnc5ccccc5c4
CHEMBL374507,CC#C[C@]1(O)CC[C@H]2[C@@H]3CCC4=CC(=O)CCC4=C3[C@H](C[C@]12C)c5ccc(OCCO[C@H]6CC[C@@]7(C)[C@H](C[C@@H](O)[C@H]8[C@@H]9CC[C@H]([C@H](C)CCC(=O)O)[C@@]9(C)[C@@H](O)C[C@H]78)C6)c(C)c5
CHEMBL363200,CC1=NOC(=O)c2ccc(NC(=O)C(O)(Cc3ccccc3)CC(C)(C)c4ccccc4)cc12
CHEMBL292284,C[C@H]1CC2[C@H](CC[C@@]3(C)[C@H]2CC[C@]3(CC(=O)C)C(=O)C)[C@@]4(C)CCC(=O)C=C14
CHEMBL195524,C[C@]12Cc3cnn(c3C=C1CC[C@@]24OC[C@H](O4)c5ccccc5)c6ccc(F)cc6
CHEMBL245134,CN(C)c1ccc(cc1)[C@H]2C[C@@]3(C)[C@@H](CC[C@@]3(O)C#Cc4cccc(c4)C(F)(F)F)[C@@H]5OCC6=CC(=O)CCC6=C25
CHEMBL1940690,C[C@@H]1C[C@H]2[C@@H]3CCC4=CC(=O)C=C[C@]4(C)[C@H]3[C@@H](O)C[C@]2(C)[C@@]1(O)C(=O)CSc5nccc6ccccc56
CHEMBL1940693,C[C@@H]1C[C@H]2[C@@H]3CCC4=CC(=O)C=C[C@]4(C)[C@H]3[C@@H](O)C[C@]2(C)[C@@]1(O)C(=O)CSc5ncnc6ccccc56
CHEMBL506241,CCC(C)(C)NC(=O)O[C@@]1([C@@H](C)C[C@H]2[C@@H]3CCC4=CC(=O)C=C[C@]4(C)[C@@]3(F)[C@@H](O)C[C@]12C)C(=O)CO
CHEMBL245131,CN(C)c1ccc(cc1)[C@H]2C[C@@]3(C)[C@@H](CC[C@@]3(O)C#Cc4cccc(Cl)c4)[C@@H]5OCC6=CC(=O)CCC6=C25
CHEMBL1940697,C[C@@H]1C[C@H]2[C@@H]3CCC4=CC(=O)C=C[C@]4(C)[C@H]3[C@@H](O)C[C@]2(C)[C@@]1(O)C(=O)CSc5oc6cccnc6n5
CHEMBL64294,CC1=CC(C)(C)Nc2ccc3c(COc4ccc(cc34)[N+](=O)[O-])c12
CHEMBL79807,C[C@]12Cc3cnn(c3C=C1CCC[C@@H]2[C@@H](O)c4ccc(F)cc4)c5ccc(F)cc5
CHEMBL236855,OC(Cc1ccnc2ccccc12)(CC3(CCCc4ccccc34)C5CCCC5)C(F)(F)F
CHEMBL1201207,C[C@H]1C[C@H]2[C@@H]3CCC4=CC(=O)C=C[C@]4(C)[C@@]3(F)[C@@H](O)C[C@]2(C)[C@@]1(O)C(=O)COP(=O)(O)O
CHEMBL236853,CCC1(CC(O)(Cc2cc(Cl)nc3ccccc23)C(F)(F)F)CCCc4ccccc14
CHEMBL511982,CC#C[C@@]1(O)CC[C@]2(C)[C@H](CCc3cc(O)ccc23)C1
CHEMBL46329,COC(=O)\C=C\CC1Oc2cccc(OC)c2c3ccc4NC(C)(C)C=C(C)c4c13
CHEMBL228655,COc1cc(ccc1OC(=O)C)[C@@H]2[C@@H](C)[C@H](C)[C@H]2c3ccc(OC(=O)C)c(OC)c3
CHEMBL46325,COc1cccc2O[C@@H]([C@@H]3CCCC(=C3)C)c4c(ccc5NC(C)(C)C=C(C)c45)c12
CHEMBL10560,CC[C@@]12CC[C@@](O)(C[C@H]1CCc3cc(O)ccc23)C#CC
CHEMBL372181,CC(C)(CC(O)(C(=O)Nc1ccc2C(=O)OCc2c1)c3ccccc3)c4ccccc4
CHEMBL237595,COc1ccc(F)cc1C(C)(C)CC(O)(Cc2ccccc2Cl)C(F)(F)F
CHEMBL244715,COC(=O)c1ccsc1\C=C\2/Oc3ccc(O)c(OC)c3c4ccc5NC(C)(C)C=C(C)c5c24
CHEMBL3963259,CC(C)CS(=O)(=O)N[C@@H](C)[C@H](Oc1ccc2c(cnn2c3ccc(F)cc3)c1)c4ccccc4
CHEMBL2087292,OC(=O)Cc1cc(Br)c(N(Cc2ccc(Oc3ccccc3Br)cc2)Cc4cc(F)cc(F)c4)c(Br)c1
CHEMBL3901337,C[C@H](NC(=O)C1CC1)[C@H](Oc2ccc3c(cnn3c4ccc(F)cc4)c2)c5ccccc5
CHEMBL3352882,CC(C)(CC(O)(Cc1cc2cc(ncc2[nH]1)N3CCOCC3)C(F)(F)F)c4ccccc4C(=O)N
CHEMBL3960682,C[C@H](NC(=O)c1oc(C)nn1)[C@H](Oc2ccc3c(cnn3c4ccc(F)cc4)c2)c5ccccc5
CHEMBL453579,CC1=C[C@H](CCC1)[C@@H]2Oc3c(F)cc(F)cc3c4ccc5NC(C)(C)C=C(C)c5c24
CHEMBL234988,Nc1c(cnn1c2ccccc2)C(=O)NCC(O)(CC3(CCC3)c4cc(F)ccc4Cl)C(F)(F)F
CHEMBL562337,CCN(CC(O)(CNc1nc(C)nc2c1cnn2c3ccccc3)C(F)(F)F)S(=O)(=O)c4ccc(F)cc4
CHEMBL3126940,COc1ccc(F)cc1C(C)(C)CC(O)(Cc2cc3ncncc3[nH]2)C(F)(F)F
CHEMBL3261168,C[C@@H](COc1cccc2ncccc12)NS(=O)(=O)c3c(C)cc(C)cc3C
CHEMBL389152,CC(Cc1c[nH]c2ccccc12)N(C)S(=O)(=O)c3c(C)cc(C)cc3C
CHEMBL3261165,C[C@@H](CCc1ccccc1)NS(=O)(=O)c2c(C)cc(C)cc2C
CHEMBL3775473,CC1(C)OC(=S)Nc2ccc(cc12)S(=O)(=O)N3c4ccccc4COc5cc(F)ccc35
CHEMBL3261167,C[C@@H](COc1cccc2cnccc12)NS(=O)(=O)c3c(C)cc(C)cc3C
CHEMBL1762207,COC(=O)C(C)(C)O\N=C\1/CC(C)(C)Nc2cc(F)c(c(F)c12)c3cccc4c(C)c[nH]c34
CHEMBL195451,C[C@@H]1C[C@@H](C)OC2(CCCC3=Cc4c(C[C@]23C)cnn4c5ccc(F)cc5)O1
CHEMBL556536,C[C@H]1C[C@@H]2[C@H]3CCC4=CC(=O)C=C[C@@]4(C)[C@]3(F)[C@H](O)C[C@@]2(C)[C@]1(O)C(=O)NCCNC(=O)c5cc(NC(=O)c6cc(NC(=O)c7cc(NC(=O)c8cc(NC(=O)CCCNC(=O)c9cc(NC(=O)c%10cc(NC(=O)c%11cc(NC(=O)c%12nccn%12C)cn%11C)cn%10C)cn9C)cn8C)cn7C)cn6C)cn5C
CHEMBL2087295,Cc1ccc(Oc2ccc(CN(Cc3cc(F)cc(F)c3)c4c(Br)cc(CC(=O)O)cc4Br)cc2)c(C)c1
CHEMBL3263760,COc1nc(ccc1C(=O)N)C2=NN([C@H](C2)C3CCCC3)c4ccc(C#N)c(C)c4
CHEMBL393011,CCC1(CC(O)(CNC(=O)c2cnn(c2N)c3ccc(F)cc3F)C(F)(F)F)CCCc4ccccc14
CHEMBL1762209,Cc1c[nH]c2c(cccc12)c3c(F)cc4NC(C)(C)C\C(=N/OC(C)(C)CO)\c4c3F
CHEMBL48588,COc1cccc2OC(C3CCCC(=C3)C)c4c(ccc5NC(C)(C)C=C(C)c45)c12
CHEMBL3421872,CC[C@@]1(O)C[C@]2(CC)[C@H](CCc3cc(O)ccc23)C[C@@]1(O)c4ccccc4
CHEMBL231798,CN(C)c1ccc(cc1)[C@H]2C[C@@]3(C)[C@@H](CC[C@@]3(O)C#Cc4ccc(cc4)C(C)(C)C)[C@@H]5OCC6=CC(=O)CCC6=C25
CHEMBL130141,CC1=CC(C)(C)Nc2ccc3c4cc(F)ccc4O\C(=C/c5ccncc5C)\c3c12
CHEMBL310570,C[C@](O)([C@H]1CCCC2=Cc3c(C[C@]12C)cnn3c4ccc(F)cc4)c5ccsc5
